SERIES,SYMBOL,SECURITY,RECORD_DT,BC_STRT_DT,BC_END_DT,EX_DT,ND_STRT_DT,ND_END_DT,PURPOSE
BE,GICRE,General Ins Corp of India,22/07/2019, , ,19/07/2019, , ,DIV-RS 6.75 PER SH       
BE,MAHLOG,Mahindra Logistic Limited, ,25/07/2019,01/08/2019,23/07/2019, , ,DIV-RS 1.8 PER SH        
BE,IFGLEXPOR,IFGL Refractories Limited, ,22/07/2019,27/07/2019,18/07/2019, , ,AGM/DIV-RS 2.50 PER SH   
BE,MAGADSUGAR,Magadh Sugar & Energy Ltd, ,05/06/2019,07/06/2019,03/06/2019, , ,DIV-RS 2 PER SH          
BE,BSE,BSE Limited,28/06/2019, , ,27/06/2019, , ,DIV-RS 25 PER SH         
BE,GEOJITFSL,Geojit Fin Serv Ltd, ,25/07/2019,26/07/2019,23/07/2019, , ,AGM/DIV-RE 1 PER SH      
BE,HDFCAMC,HDFC AMC Limited, ,06/07/2019,16/07/2019,04/07/2019, , ,AGM/DIV-RS 12 PER SH     
BE,AMJLAND,AMJ Land Holdings Limited, ,16/07/2019,27/07/2019,12/07/2019, , ,AGM/DIV-RS 0.30 PER SH   
BE,3PLAND,3P Land Holdings Limited, ,12/07/2019,22/07/2019,10/07/2019, , ,ANNUAL GENERAL MEETING   
BE,FINEORG,Fine Organic Ind. Ltd., ,27/07/2019,30/07/2019,25/07/2019, , ,AGM/DIV-RS 7 PER SH      
BE,BANDHANBNK,Bandhan Bank Limited, ,22/06/2019,28/06/2019,20/06/2019, , ,AGM/DIV-RS 3 PER SH      
BE,EXPLEOSOL,Expleo Solutions Limited, ,27/07/2019,31/07/2019,25/07/2019, , ,ANNUAL GENERAL MEETING   
BE,RGL,Renaissance Global Ltd, ,31/07/2019,07/08/2019,29/07/2019, , ,ANNUAL GENERAL MEETING   
BE,CHOLAHLDNG,Cholamandalam Fin Hol Ltd, ,26/07/2019,01/08/2019,24/07/2019, , ,AGM/DIV-RE 0.65 PER SH   
BE,MHRIL,Mahindra Holidays & Resor, ,25/07/2019,31/07/2019,23/07/2019, , ,ANNUAL GENERAL MEETING   
BE,GKWLIMITED,GKW Limited, ,09/07/2019,15/07/2019,05/07/2019, , ,ANNUAL GENERAL MEETING   
BE,VINATIORGA,Vinati Organics Limited, ,18/07/2019,27/07/2019,16/07/2019, , ,AGM/DIV-RS 7 PER SH      
BE,MEP,MEP Infra. Developers Ltd, ,26/07/2019,01/08/2019,24/07/2019, , ,AGM/DIV-RS 0.30 PER SH   
BE,SOTL,Savita Oil Technologies L,12/06/2019, , ,11/06/2019, , ,BUYBACK                  
BE,BAJAJHLDNG,Bajaj Holdings & Invs Ltd, ,13/07/2019,26/07/2019,11/07/2019, , ,AGM/DIV-RS 32.50 PER SH  
BE,BIRLAMONEY,Aditya Birla Money Ltd, ,27/06/2019,03/07/2019,25/06/2019, , ,ANNUAL GENERAL MEETING   
BE,VGUARD,V-Guard Industries Limite, ,18/07/2019,24/07/2019,16/07/2019, , ,AGM/DIV-RS 0.80 PER SH   
BE,EIHAHOTELS,EIHAssociatedHot-RollSett, ,23/07/2019,25/07/2019,19/07/2019, , ,AGM/DIV-RS 4.50 PER SH   
BE,WELSPUNIND,Equity shares, ,15/07/2019,17/07/2019,11/07/2019, , ,AGM/DIV-RS 0.30 PER SH   
BE,BAJAJFINSV,Bajaj Finserv Limited, ,13/07/2019,25/07/2019,11/07/2019, , ,AGM/DIV-RS 2.50 PER SH   
BE,BAJAJ-AUTO,Bajaj Auto Limited, ,13/07/2019,26/07/2019,11/07/2019, , ,AGM/DIV-RS 60 PER SH     
BE,SOLARINDS,Solar Industries (I) Ltd, ,20/07/2019,31/07/2019,18/07/2019, , ,AGM/DIV-RS 7 PER SH      
BE,THANGAMAYL,Thangamayil Jewellery Ltd, ,26/07/2019,01/08/2019,24/07/2019, , ,AGM/DIV-RS 5.00 PER SH   
BE,MAYURUNIQ,Mayur Uniquoters Ltd, ,05/07/2019,06/07/2019,03/07/2019, , ,AGM/DIV-RS 0.25 PER SH   
BE,RBL,Rane Brake Lining Limited,18/07/2019, , ,17/07/2019, , ,AGM/DIV-RS 9 PER SH      
BE,GEECEE,GeeCee Ventures Limited,07/06/2019, , ,06/06/2019, , ,BUYBACK                  
BE,CHOLAFIN,Cholamandalam In & Fin Co,17/06/2019, , ,14/06/2019, , ,FV SPLT FRM RS 10 TO RS 2
BE,CHOLAFIN,Cholamandalam In & Fin Co, ,24/07/2019,30/07/2019,22/07/2019, , ,AGM/DIV-RS 2 PER SH      
BE,UGARSUGAR,The Ugar Sugar Works Ltd, ,29/07/2019,09/08/2019,25/07/2019, , ,ANNUAL GENERAL MEETING   
BE,WELINV,Welspun Inv & Comm Ltd, ,26/06/2019,28/06/2019,24/06/2019, , ,ANNUAL GENERAL MEETING   
BE,DEEPAKNTR,Deepak Nitrite Ltd, ,21/06/2019,28/06/2019,19/06/2019, , ,AGM/DIV-RS 2 PER SH      
BE,BAJFINANCE,Bajaj Finance Limited, ,13/07/2019,25/07/2019,11/07/2019, , ,AGM/DIV-RS 6 PER SH      
BE,ALICON,Alicon Castalloy Limited, ,22/07/2019,26/07/2019,18/07/2019, , ,AGM/DIV-RS 5 PER SH      
BE,INFY,Infosys Limited, ,15/06/2019,15/06/2019,13/06/2019, , ,AGM/DIV-RS 10.50 PER SH  
BE,ADANIPORTS,ADANI PORT & SEZ LTD,21/06/2019, , ,20/06/2019, , ,BUYBACK                  
BE,MPSLTD,MPS Limited, ,18/07/2019,24/07/2019,16/07/2019, , ,AGM/DIV-RS 25 PER SH     
BE,HEROMOTOCO,Hero MotoCorp Limited, ,18/07/2019,29/07/2019,16/07/2019, , ,AGM/DIV-RS 32 PER SH     
BE,SYMPHONY,Symphony Limited, ,06/07/2019,10/07/2019,04/07/2019, , ,AGM/DIV-RS 1.50 PER SH   
BE,ORIENTREF,Orient Refractories Ltd, ,02/07/2019,09/07/2019,28/06/2019, , ,AGM/DIV-RS 2.50 PER SH   
BE,PEL,Piramal Enterprises Ltd., ,20/07/2019,30/07/2019,18/07/2019, , ,AGM/DIV-RS 28 PER SH     
BE,BAFNAPHARM,Bafna Pharmaceuticals L, ,24/06/2019,27/06/2019,20/06/2019, , ,ANNUAL GENERAL MEETING   
BE,VAIBHAVGBL,Vaibhav Gems Ltd, ,13/07/2019,13/07/2019,11/07/2019, , ,AGM/DIV-RS 5.00 PER SH   
BE,NAVNETEDUL,Navneet Education Limited, ,17/07/2019,24/07/2019,15/07/2019, , ,AGM/DIV-RE 1 PER SH      
BE,INDORAMA,Indo Rama Synthetics (Ind, ,19/07/2019,26/07/2019,17/07/2019, , ,ANNUAL GENERAL MEETING   
BE,DCMSHRIRAM,DCM Shriram Limited, ,16/07/2019,23/07/2019,12/07/2019, , ,AGM/DIV-RS 1.60 PER SH   
BE,AGRITECH,Agri-Tech (India) Limited, ,29/07/2019,03/08/2019,25/07/2019, , ,ANNUAL GENERAL MEETING   
BE,BUTTERFLY,Btrfly Gandhi Appl Ltd, ,31/07/2019,07/08/2019,29/07/2019, , ,ANNUAL GENERAL MEETING   
BE,CIGNITITEC,Cigniti Technologies Ltd, ,20/07/2019,24/07/2019,18/07/2019, , ,ANNUAL GENERAL MEETING   
BE,TECHIN,Techindia Nirman Limited, ,29/07/2019,03/08/2019,25/07/2019, , ,ANNUAL GENERAL MEETING   
BE,ALBK,Allahabad Bank, ,22/06/2019,28/06/2019,20/06/2019, , ,ANNUAL GENERAL MEETING   
BE,PNB,Punjab National Bank, ,08/07/2019,12/07/2019,04/07/2019, , ,ANNUAL GENERAL MEETING   
BE,UCOBANK,UCO Bank, ,21/06/2019,26/06/2019,19/06/2019, , ,ANNUAL GENERAL MEETING   
BE,UNIONBANK,Union Bank of India, ,22/06/2019,28/06/2019,20/06/2019, , ,ANNUAL GENERAL MEETING   
BE,UFO,UFO Moviez India Ltd.,07/06/2019, , ,06/06/2019, , ,INTDIV-RS12.5/SPLDIV-RS15
BE,CAMLINFINE,Camlin Fine Sciences Ltd, ,27/07/2019,02/08/2019,25/07/2019, , ,ANNUAL GENERAL MEETING   
BE,SYNGENE,Syngene International Ltd,12/06/2019, , ,11/06/2019, , ,BONUS 1:1                
BE,PENPEBS,Pennar Eng Bldg Sys Ltd,10/06/2019, , , , , ,SCHEME OF AMALGAMATION   
BE,PILITA,PIL Italica Lifestyle Ltd, ,22/06/2019,28/06/2019,20/06/2019, , ,ANNUAL GENERAL MEETING   
BE,OCCL,Oriental Carbn & Chem Ltd, ,20/07/2019,26/07/2019,18/07/2019, , ,DIV-RS 8 PER SH          
BE,SATIN,Satin Credit Net Ltd, ,30/06/2019,06/07/2019,27/06/2019, , ,ANNUAL GENERAL MEETING   
BE,PDMJEPAPER,Pudumjee Paper Pro. Ltd, ,16/07/2019,27/07/2019,12/07/2019, , ,AGM/DIV-RS 0.15 PER SH   
BE,CROMPTON,Crompt Grea Con Elec Ltd, ,20/07/2019,24/07/2019,18/07/2019, , ,AGM/DIV-RS 2 PER SH      
BE,DAMODARIND,Damodar Industries Ltd, ,02/07/2019,05/07/2019,28/06/2019, , ,AGM/DIV-RS 0.75 PER SH   
BE,AVADHSUGAR,Avadh Sug & Energy Ltd, ,05/06/2019,07/06/2019,03/06/2019, , ,DIV-RS 3 PER SH          
BE,SHANKARA,Shankara Bldg Product Ltd, ,22/06/2019,25/06/2019,20/06/2019, , ,AGM/DIV-RS 1.5 PER SH    
BE,GODREJAGRO,Godrej Agrovet Limited, ,27/07/2019,02/08/2019,25/07/2019, , ,AGM/DIV-RS 4.50 PER SH   
BE,TEJASNET,Tejas Networks Limited, ,19/07/2019,25/07/2019,17/07/2019, , ,AGM/DIV-RE 1 PER SH      
BE,SIS,Security Intell Services, ,21/06/2019,21/06/2019,19/06/2019, , ,AGM/DIV-RS 3.50 PER SH   
BE,HDFCLIFE,HDFC Life Ins Co Ltd, ,15/07/2019,23/07/2019,11/07/2019, , ,ANNUAL GENERAL MEETING   
BE,LAURUSLABS,Laurus Labs Limited, ,05/07/2019,11/07/2019,03/07/2019, , ,AGM/DIV-RS 1.50 PER SH   
BE,MASFIN,MAS Financial Serv Ltd, ,20/06/2019,26/06/2019,18/06/2019, , ,DIV-RS 3.60 PER SH       
BE,TIINDIA,Tube Invest of India Ltd, ,10/07/2019,24/07/2019,08/07/2019, , ,DIV-RE 0.75 PER SH       
BE,ASAL,Automotive Stampings and, ,25/06/2019,01/07/2019,21/06/2019, , ,ANNUAL GENERAL MEETING   
BE,TATASPONGE,Tata Sponge Iron Ltd., ,08/07/2019,15/07/2019,04/07/2019, , ,AGM/DIV-RS 12.50 PER SH  
BE,ZENSARTECH,Zensar Technologies LDepo, ,29/07/2019,05/08/2019,25/07/2019, , ,AGM/DIV-RS 1.80 PER SH   
BE,GLAXO,GlaxoSmithKline Pharmaceu, ,15/07/2019,22/07/2019,11/07/2019, , ,AGM/DIV-RS 20 PER SH     
BE,BIOCON,BIOCON LIMITED,13/06/2019, , ,12/06/2019, , ,BONUS 1:1                
BE,BIOCON,BIOCON LIMITED,19/07/2019, , ,18/07/2019, , ,DIV - RE 1 PER SH        
BE,MAHABANK,Bank of Maharashtra, ,21/06/2019,27/06/2019,19/06/2019, , ,ANNUAL GENERAL MEETING   
BE,XPROINDIA,Xpro India Limited, ,27/07/2019,03/08/2019,25/07/2019, , ,ANNUAL GENERAL MEETING   
BE,EXCELCROP,Excel Crop Care Ltd,12/06/2019, , ,11/06/2019, , ,INT DIV-RS 6.25 PER SH   
BE,HDFCBANK,HDFC BANK LTD,21/06/2019, , ,20/06/2019, , ,DIV-RS 15 PER SH         
BE,GSKCONS,GlaxoSmithKline Consumer, ,27/07/2019,02/08/2019,25/07/2019, , ,AGM/DIV-RS 105 PER SH    
BE,GRUH,Gruh Finance Ltd., ,11/07/2019,19/07/2019,09/07/2019, , ,AGM/DIV-RS 2 PER SH      
BE,PONNIERODE,Ponni Sugars (Erode) Ltd., ,17/07/2019,23/07/2019,15/07/2019, , ,AGM/DIV-RS 2 PER SH      
BE,ATFL,Agro Tech Foods Limited, ,10/07/2019,17/07/2019,08/07/2019, , ,DIV-RS 2.50 PER SH       
BE,GRAPHITE,Graphite India Limited, ,29/06/2019,05/07/2019,27/06/2019, , ,AGM/DIV-RS 35 PER SHARE  
BE,SKFINDIA,SKF India Limited, ,15/07/2019,23/07/2019,11/07/2019, , ,AGM/DIV-RS 12 PER SH     
BE,BALKRISIND,BALKRISHNA IND. LTD, ,08/07/2019,09/07/2019,04/07/2019, , ,AGM/DIV-RS 2 PER SH      
BE,RML,Rane (Madras) Limited,17/07/2019, , ,16/07/2019, , ,AGM/DIV-RS 4.50 PER SH   
BE,TRIVENI,Triveni Engineering & Ind,19/06/2019, , ,18/06/2019, , ,BUYBACK                  
BE,KANSAINER,Kansai Nerolac Paints Ltd, ,15/06/2019,21/06/2019,13/06/2019, , ,AGM/DIV-RS 2.60 PER SH   
BE,EXIDEIND,CHLORIDIND- Depo, ,27/07/2019,03/08/2019,25/07/2019, , ,AGM/DIV-RE 0.80 PER SH   
BE,JSWSTEEL,JSW Steel Limited, ,10/07/2019,12/07/2019,08/07/2019, , ,AGM/DIV-RS 4.10 PER SH   
BE,PVR,PVR Limited, ,18/07/2019,25/07/2019,16/07/2019, , ,AGM/DIV-RS 2 PER SH      
BE,WENDT,Wendt (India) Ltd., ,15/07/2019,22/07/2019,11/07/2019, , ,AGM/ DIV-RS 15 PER SH    
BE,IMPAL,Ind Motor Part & Acc Ltd,11/06/2019, , ,10/06/2019, , ,INT DIV-RS 10 PER SH     
BE,TATASTEEL,Tata Steel Limited, ,06/07/2019,19/07/2019,04/07/2019, , ,AGM/DIV-RS 13 PER SH     
BE,ATUL,Atul Ltd., ,13/07/2019,19/07/2019,11/07/2019, , ,AGM/DIV-RS 15 PER SH     
BE,SHRIRAMCIT,Shriram Cityuni Fin.Ltd., ,23/07/2019,29/07/2019,19/07/2019, , ,AGM/DIV-RS 16 PER SH     
BE,JKCEMENT,JK Cement Limited, ,25/07/2019,03/08/2019,23/07/2019, , ,AGM/DIV- RS 10 PER SH    
BE,M&MFIN,Mahindra & Mahindra Finan, ,17/07/2019,23/07/2019,15/07/2019, , ,AGM/DIV-RS4/SPLDIV-RS2.5 
BE,SHREYAS,Shreyas Shipping & Logist, ,13/07/2019,20/07/2019,11/07/2019, , ,DIV-RS 1.20 PER SH       
BE,EVERESTIND,Everest Industries Limite,17/07/2019, , ,16/07/2019, , ,AGM/DIV-RS 7.50 PER SH   
BE,YESBANK,Yes Bank Limited, ,06/06/2019,12/06/2019,03/06/2019, , ,AGM/DIV-RS 2 PER SH      
BE,MMFL,MM Forgings Ltd.,10/06/2019, , ,07/06/2019, , ,INT DIV - RS 2.5 PER SH  
BE,PAGEIND,Page Industries Limited, ,12/07/2019,13/07/2019,10/07/2019, , ,ANNUAL GENERAL MEETING   
BE,HINDUNILVR,Hindustan Unilever Ltd, ,22/06/2019,29/06/2019,20/06/2019, , ,AGM/DIV-RS 13 PER SH     
BE,MPHASIS,MphasiS Limited, ,13/07/2019,25/07/2019,11/07/2019, , ,AGM/DIV-RS 27 PER SH     
BE,BALAMINES,Balaji Amines Limited, ,19/07/2019,26/07/2019,17/07/2019, , ,AGM/DIV-RS 2.80 PER SH   
BE,AXISBANK,Axis Bank Limited, ,06/07/2019,20/07/2019,04/07/2019, , ,AGM/DIV-RE 1 PER SH      
BE,CENTRALBK,Central Bank of India, ,25/06/2019,28/06/2019,21/06/2019, , ,ANNUAL GENERAL MEETING   
BE,TECHM,Tech Mahindra Limited, ,27/07/2019,31/07/2019,25/07/2019, , ,AGM/DIV-RS 14 PER SH     
BE,UFLEX,UFLEX Limited, ,26/07/2019,01/08/2019,24/07/2019, , ,AGM/DIV-RS 2 PER SH      
BE,GRINDWELL,Grindwell Norton Limited, ,19/07/2019,25/07/2019,17/07/2019, , ,AGM/DIV-RS 6 PER SH      
BE,NILKAMAL,Nilkamal Limited, ,22/06/2019,28/06/2019,20/06/2019, , ,AGM/DIV-RS 9 PER SH      
BE,JSWHL,JSW Holdings Limited, ,11/06/2019,14/06/2019,07/06/2019, , ,ANNUAL GENERAL MEETING   
BE,SANGHVIMOV,Sanghvi Movers Ltd., ,25/07/2019,08/08/2019,23/07/2019, , ,ANNUAL GENERAL MEETING   
BE,PTL,PTL Enterprises Limited, ,19/07/2019,30/07/2019,17/07/2019, , ,AGM/DIV-RS 2.50 PER SH   
BE,SAGCEM,SagarCements-Roll Sett, ,18/07/2019,24/07/2019,16/07/2019, , ,AGM/DIV-RS 2.50 PER SH   
BE,BAJAJELEC,Bajaj Electricals Limited, ,27/07/2019,07/08/2019,25/07/2019, , ,AGM/DIV-RS 3.50 PER SH   
BE,CERA,Cera Sanitaryware Limited, ,16/07/2019,23/07/2019,12/07/2019, , ,AGM/DIV-RS 13 PER SH     
BE,NAVINFLUOR,Navin Fluorine Internatio, ,11/06/2019,14/06/2019,07/06/2019, , ,DIV-RS 4 PER SH          
BE,GOACARBON,Goa Carbon Ltd, ,02/07/2019,08/07/2019,28/06/2019, , ,ANNUAL GENERAL MEETING   
BE,MAHLIFE,Mahindra Lifespace DevLtd, ,20/07/2019,26/07/2019,18/07/2019, , ,AGM/DIV-RS 6 PER SH      
BE,REDINGTON,Redington (India) Limited, ,24/07/2019,30/07/2019,22/07/2019, , ,AGM/DIV-RS 3.30 PER SH   
BE,ZEEL,Zee Entertain. Enterp.Ltd,16/07/2019, , ,15/07/2019, , ,AGM/DIV-RS 3.50 PER SH   
BE,NELCAST,Nelcast Limited, ,27/07/2019,01/08/2019,25/07/2019, , ,DIV-RE 1 PER SHARE       
BE,TORNTPOWER,Torrent Power Limited,14/06/2019, , ,13/06/2019, , ,AGM/DIV-RS 5 PER SH      
BE,INDIANB,Indian Bank, ,22/06/2019,27/06/2019,20/06/2019, , ,ANNUAL GENERAL MEETING   
BE,MINDTREE,MindTree Limited, ,10/07/2019,16/07/2019,08/07/2019, , ,AGM/DIV-RS4/SPL DIV-RS 20
BE,JYOTHYLAB,Jyothy Laboratories Limit, ,16/07/2019,23/07/2019,12/07/2019, , ,AGM/DIV-RS 3 PER SH      
BE,UNITEDBNK,United Bank of India, ,21/06/2019,27/06/2019,19/06/2019, , ,ANNUAL GENERAL MEETING   
BE,INSECTICID,Insecticides (India) Limi, ,27/07/2019,02/08/2019,25/07/2019, , ,AGM/DIV-RS 2 PER SH      
BE,ASTEC,Astec LifeSciences Ltd, ,22/07/2019,25/07/2019,18/07/2019, , ,AGM/DIV-RS 1.50 PER SH   
BE,SICAGEN,Sicagen India Limited, ,25/07/2019,31/07/2019,23/07/2019, , ,AGM/DIV-RS 0.4 PER SH    
BE,ORIENTBANK,ORIENTAL BANK OF COMMERCE, ,23/06/2019,29/06/2019,20/06/2019, , ,ANNUAL GENERAL MEETING   
BE,BATAINDIA,BATA INDIA LTD, ,24/07/2019,02/08/2019,22/07/2019, , ,AGM/DIV-RS 6.25 PER SH   
BE,ASIANPAINT,Asian Paints Limited, ,15/06/2019,27/06/2019,13/06/2019, , ,DIV-RS 7.65 PER SH       
BE,NOCIL,NOCIL Limited, ,24/07/2019,30/07/2019,22/07/2019, , ,AGM/DIV-RS 2.50 PER SH   
BE,BOMDYEING,BOMBAY DYEING & MFG. CO L, ,27/07/2019,05/08/2019,25/07/2019, , ,DIV - RS 1.50 PER SH     
BE,INDHOTEL,INDIAN HOTELS CO LTD, ,14/06/2019,20/06/2019,12/06/2019, , ,AGM/DIV-RS 0.50 PER SH   
BE,VIPIND,VIP Industries Ltd., ,23/07/2019,30/07/2019,19/07/2019, , ,AGM/DIV-RS 2 PER SH      
BE,CENTURYTEX,CENTURY TEXTILES LTD, ,23/07/2019,30/07/2019,19/07/2019, , ,AGM/DIV-RS 7.50 PER SH   
BE,EICHERMOT,Eicher Motors Ltd, ,26/07/2019,01/08/2019,24/07/2019, , ,AGM/DIV-RS 125 PER SH    
BE,WIPRO,WIPRO LTD,21/06/2019, , ,20/06/2019, , ,BUYBACK                  
BE,BANKINDIA,Bank of India, ,24/06/2019,27/06/2019,20/06/2019, , ,ANNUAL GENERAL MEETING   
BE,ICICIBANK,ICICI Bank Ltd., ,24/07/2019,09/08/2019,22/07/2019, , ,AGM/DIV-RE 1 PER SH      
BE,TATACHEM,TATA CHEMICALS LTD, ,02/07/2019,08/07/2019,28/06/2019, , ,AGM/DIV-RS 12.50 PER SH  
BE,HINDPETRO,HINDUSTAN PERTOLEUM CORP, ,10/06/2019,14/06/2019,06/06/2019, , ,DIV-RS 9.40 PER SH       
BE,M&M,MAHINDRA & MAHINDRA LTD, ,20/07/2019,07/08/2019,18/07/2019, , ,AGM/DIV-RS 8.50 PER SH   
BE,MRPL,MRPL, ,03/06/2019,07/06/2019,30/05/2019, , ,DIV-RE 1 PER SH          
BE,CORPBANK,Corporation Bank, ,21/06/2019,29/06/2019,19/06/2019, , ,ANNUAL GENERAL MEETING   
BE,CARBORUNIV,Carborundum Univ Ltd, ,24/07/2019,31/07/2019,22/07/2019, , ,DIV-RS 1.25 PER SH       
BE,EIDPARRY,EID PARRY INDIA LTD, ,15/07/2019,29/07/2019,11/07/2019, , ,ANNUAL GENERAL MEETING   
BE,HDFC,HDFC LTD - DEPO SETT., ,23/07/2019,02/08/2019,19/07/2019, , ,AGM/DIV-RS 17.50 PER SH  
BE,MAHSCOOTER,Maharashtra Scooters Ltd, ,13/07/2019,24/07/2019,11/07/2019, , ,AGM/DIV-RS 33 PER SH     
BE,NEULANDLAB,Neuland Laboratories Ltd, ,29/06/2019,05/07/2019,27/06/2019, , ,AGM/DIV-RS 1.20 PER SH   
BE,RALLIS,Rallis India Ltd., ,21/06/2019,28/06/2019,19/06/2019, , ,AGM/DIV-RS 2.50 PER SH   
BE,ASAHIINDIA,Asahi India Glass Limited, ,31/07/2019,06/08/2019,29/07/2019, , ,AGM/DIV-RE 1 PER SH      
BE,JAYAGROGN,Jayant Agro Organics Ltd., ,22/06/2019,27/06/2019,20/06/2019, , ,AGM/DIV-RS 2 PER SH      
BE,SUPREMEIND,SUPREME INDUSTRIES LTD, ,04/07/2019,10/07/2019,02/07/2019, , ,AGM/DIV-RS 9 PER SH      
BE,BASF,BASF - Depo, ,06/07/2019,12/07/2019,04/07/2019, , ,AGM/DIV-RS 3/SPLDIV-RS 2 
BE,ASHOKLEY,ASHOK LEYLAND LTD, ,25/07/2019,31/07/2019,23/07/2019, , ,AGM/DIV-RS 3.10 PER SH   
BE,VOLTAS,VOLTAS LTD, ,19/07/2019,09/08/2019,17/07/2019, , ,AGM/DIV-RS 4 PER SH      
BE,TATAPOWER,TATA POWER LTD, ,07/06/2019,18/06/2019,04/06/2019, , ,AGM/DIV-RS 1.30 PER SH   
BE,PHILIPCARB,Phillips Carbon Black, ,13/07/2019,19/07/2019,11/07/2019, , ,ANNUAL GENERAL MEETING   
BE,ESSELPACK,Essel Propack Ltd.,12/06/2019, , ,11/06/2019, , ,DIV-RS 1.25 PER SH       
BE,SRTRANSFIN,Shriram Trans Fin Co. Ltd, ,21/06/2019,27/06/2019,19/06/2019, , ,AGM/DIV-RS 7 PER SH      
BE,BERGEPAINT,Berger Paints (I) Ltd, ,30/07/2019,05/08/2019,26/07/2019, , ,AGM/DIV-RS 1.90 PER SH   
BE,APOLLOTYRE,APOLLOTYRE - Depo, ,25/07/2019,31/07/2019,23/07/2019, , ,AGM/DIV-RS 3.25 PER SH   
BE,SYNDIBANK,Syndicate Bank, ,22/06/2019,28/06/2019,20/06/2019, , ,ANNUAL GENERAL MEETING   
BE,MASTEK,MASTEK - Depo, ,15/07/2019,16/07/2019,11/07/2019, , ,AGM/DIV-RS 5 PER SH      
BE,UNICHEMLAB,UNICHEMLAB - Depo, ,22/07/2019,27/07/2019,18/07/2019, , ,AGM/DIV-RS 4 PER SH      
BE,TATAELXSI,Tata Elxsi Limited, ,10/07/2019,17/07/2019,08/07/2019, , ,AGM/DIV-RS 13.50 PER SH  
BE,SWARAJENG,Swaraj Engines Ltd, ,13/07/2019,19/07/2019,11/07/2019, , ,DIV-RS25/-&SPLDIV-RS25/- 
BE,SUPPETRO,Supreme Petrochem Ltd, ,10/07/2019,12/07/2019,08/07/2019, , ,AGM/DIV-RS 2 PER SH      
BE,TITAN,Titan Company Limited, ,31/07/2019,06/08/2019,29/07/2019, , ,AGM/DIV-RS 5 PER SH      
BE,AJANTPHARM,Ajanta Pharma Ltd, ,11/07/2019,18/07/2019,09/07/2019, , ,ANNUAL GENERAL MEETING   
BE,IOB,Indian Overseas Bank, ,04/07/2019,10/07/2019,02/07/2019, , ,ANNUAL GENERAL MEETING   
BE,WSTCSTPAPR,West Coast Paper Mills, ,29/07/2019,08/08/2019,25/07/2019, , ,AGM/DIV-RS 5 PER SH      
BE,SHANTIGEAR,Shanthi Gears Ltd, ,13/07/2019,23/07/2019,11/07/2019, , ,DIV-RE 1 PER SH          
BE,TAJGVK,Taj GVK Hotels & Resorts, ,18/07/2019,25/07/2019,16/07/2019, , ,AGM/DIV-RE 0.60 PER SH   
BE,CANFINHOME,Can Fin Homes Ltd, ,11/07/2019,17/07/2019,09/07/2019, , ,AGM/DIV-RS 2 PER SH      
BE,MUKANDENGG,Mukand Engineers Ltd, ,27/07/2019,08/08/2019,25/07/2019, , ,ANNUAL GENERAL MEETING   
BE,BANKBARODA,Bank of Baroda, ,20/06/2019,27/06/2019,18/06/2019, , ,ANNUAL GENERAL MEETING   
BE,MAFATLAFIN,Mafatlal Finance Ltd, ,22/07/2019,26/07/2019,18/07/2019, , ,ANNUAL GENERAL MEETING   
BE,FDC,FDC Ltd.,07/06/2019, , ,06/06/2019, , ,BUYBACK                  
BE,GAMMONIND,Gammon India Ltd., ,30/05/2019,07/06/2019,28/05/2019, , ,ANNUAL GENERAL MEETING   
BE,BLUEDART,Blue Dart Express Ltd, ,24/07/2019,31/07/2019,22/07/2019, , ,AGM/DIV-RS 12.50 PER SH  
BE,NATCOPHARM,Natco Pharma Limited,07/06/2019, , ,06/06/2019, , ,INT DIV - RS 1.25 PER SH 
BE,TORNTPHARM,TORNTPHARM - Depo,14/06/2019, , ,13/06/2019, , ,DIV-RS 4 PER SH          
BE,KAKATCEM,Kakatiya Cements Ltd, ,05/07/2019,11/07/2019,03/07/2019, , ,AGM/DIV-RS 3 PER SH      
BE,HIKAL,Hikal Limited, ,25/07/2019,01/08/2019,23/07/2019, , ,AGM/DIV-RE 0.60 PER SH   
BE,CADILAHC,Cadila Healthcare-Depo, ,29/07/2019,09/08/2019,25/07/2019, , ,AGM/DIV-RS 3.50 PER SH   
BE,MONSANTO,Monsanto India Limited, ,12/06/2019,14/06/2019,10/06/2019, , ,AGM/DIV-RS 25 PER SH     
BE,LAXMIMACH,LakshmiMachine-Roll Sett, ,16/07/2019,22/07/2019,12/07/2019, , ,AGM/DIV - RS 35 PER SH   
BE,NELCO,Nelco Ltd., ,17/07/2019,24/07/2019,15/07/2019, , ,AGM/DIV-RS 1.50 PER SH   
BE,INDIANHUME,Indian Hume Pipe Co. Ltd, ,16/07/2019,26/07/2019,12/07/2019, , ,AGM/DIV-RS 3.60 PER SH   
BE,VISAKAIND,Visaka Industries Ltd., ,22/06/2019,27/06/2019,20/06/2019, , ,AGM/DIV-RS 7 PER SH      
BZ,GAMMONIND,Gammon India Ltd., ,30/05/2019,07/06/2019,28/05/2019, , ,ANNUAL GENERAL MEETING   
E1,TATASTEEL,Tatasteel Rs.2.504 ppd up, ,06/07/2019,19/07/2019,04/07/2019, , ,DIV-RS 3.25 PER SH       
EQ,RALLIS,Rallis India Ltd., ,21/06/2019,28/06/2019,19/06/2019, , ,AGM/DIV-RS 2.50 PER SH   
EQ,SUPREMEIND,Supreme Industries Ltd, ,04/07/2019,10/07/2019,02/07/2019, , ,AGM/DIV-RS 9 PER SH      
EQ,SUPPETRO,Supreme Petrochem Ltd, ,10/07/2019,12/07/2019,08/07/2019, , ,AGM/DIV-RS 2 PER SH      
EQ,VIPIND,VIP Industries Ltd., ,23/07/2019,30/07/2019,19/07/2019, , ,AGM/DIV-RS 2 PER SH      
EQ,ESSELPACK,Essel Propack Ltd.,12/06/2019, , ,11/06/2019, , ,DIV-RS 1.25 PER SH       
EQ,TATAPOWER,Tata Power Co. Ltd., ,07/06/2019,18/06/2019,04/06/2019, , ,AGM/DIV-RS 1.30 PER SH   
EQ,TORNTPHARM,Torrent Pharma Ltd.,14/06/2019, , ,13/06/2019, , ,DIV-RS 4 PER SH          
EQ,TATACHEM,Tata Chemicals Ltd., ,02/07/2019,08/07/2019,28/06/2019, , ,AGM/DIV-RS 12.50 PER SH  
EQ,CANFINHOME,Can Fin Homes Ltd, ,11/07/2019,17/07/2019,09/07/2019, , ,AGM/DIV-RS 2 PER SH      
EQ,APOLLOTYRE,Apollo Tyres Ltd., ,25/07/2019,31/07/2019,23/07/2019, , ,AGM/DIV-RS 3.25 PER SH   
EQ,CENTURYTEX,Century Textiles Ltd., ,23/07/2019,30/07/2019,19/07/2019, , ,AGM/DIV-RS 7.50 PER SH   
EQ,MAFATLAFIN,Mafatlal Finance Ltd, ,22/07/2019,26/07/2019,18/07/2019, , ,ANNUAL GENERAL MEETING   
EQ,WSTCSTPAPR,West Coast Paper Mills, ,29/07/2019,08/08/2019,25/07/2019, , ,AGM/DIV-RS 5 PER SH      
EQ,BLUEDART,Blue Dart Express Ltd, ,24/07/2019,31/07/2019,22/07/2019, , ,AGM/DIV-RS 12.50 PER SH  
EQ,SHANTIGEAR,Shanthi Gears Ltd, ,13/07/2019,23/07/2019,11/07/2019, , ,DIV-RE 1 PER SH          
EQ,WIPRO,Wipro Ltd,21/06/2019, , ,20/06/2019, , ,BUYBACK                  
EQ,BERGEPAINT,Berger Paints (I) Ltd, ,30/07/2019,05/08/2019,26/07/2019, , ,AGM/DIV-RS 1.90 PER SH   
EQ,BALKRISIND,Balkrishna Ind. Ltd, ,08/07/2019,09/07/2019,04/07/2019, , ,AGM/DIV-RS 2 PER SH      
EQ,PHILIPCARB,Phillips Carbon Black, ,13/07/2019,19/07/2019,11/07/2019, , ,ANNUAL GENERAL MEETING   
EQ,EICHERMOT,Eicher Motors Ltd, ,26/07/2019,01/08/2019,24/07/2019, , ,AGM/DIV-RS 125 PER SH    
EQ,TATAELXSI,Tata Elxsi Limited, ,10/07/2019,17/07/2019,08/07/2019, , ,AGM/DIV-RS 13.50 PER SH  
EQ,M&M,Mah & Mah Ltd., ,20/07/2019,07/08/2019,18/07/2019, , ,AGM/DIV-RS 8.50 PER SH   
EQ,UNICHEMLAB,Unichem Laboratories Ltd., ,22/07/2019,27/07/2019,18/07/2019, , ,AGM/DIV-RS 4 PER SH      
EQ,INDHOTEL,Indian Hotels Co. Ltd., ,14/06/2019,20/06/2019,12/06/2019, , ,AGM/DIV-RS 0.50 PER SH   
EQ,KAKATCEM,Kakatiya Cements Ltd, ,05/07/2019,11/07/2019,03/07/2019, , ,AGM/DIV-RS 3 PER SH      
EQ,INDIANHUME,Indian Hume Pipe Co. Ltd, ,16/07/2019,26/07/2019,12/07/2019, , ,AGM/DIV-RS 3.60 PER SH   
EQ,GLAXO,GlaxoSmithKline Pharmaceu, ,15/07/2019,22/07/2019,11/07/2019, , ,AGM/DIV-RS 20 PER SH     
EQ,HDFC,HDFC Ltd., ,23/07/2019,02/08/2019,19/07/2019, , ,AGM/DIV-RS 17.50 PER SH  
EQ,HDFCBANK,HDFC Bank Ltd.,21/06/2019, , ,20/06/2019, , ,DIV-RS 15 PER SH         
EQ,NEULANDLAB,Neuland Laboratories Ltd, ,29/06/2019,05/07/2019,27/06/2019, , ,AGM/DIV-RS 1.20 PER SH   
EQ,ASAHIINDIA,Asahi India Glass Limited, ,31/07/2019,06/08/2019,29/07/2019, , ,AGM/DIV-RE 1 PER SH      
EQ,JAYAGROGN,Jayant Agro Organics Ltd., ,22/06/2019,27/06/2019,20/06/2019, , ,AGM/DIV-RS 2 PER SH      
EQ,BANKINDIA,Bank of India, ,24/06/2019,27/06/2019,20/06/2019, , ,ANNUAL GENERAL MEETING   
EQ,ASIANPAINT,Asian Paints Limited, ,15/06/2019,27/06/2019,13/06/2019, , ,DIV-RS 7.65 PER SH       
EQ,BATAINDIA,Bata India Ltd., ,24/07/2019,02/08/2019,22/07/2019, , ,AGM/DIV-RS 6.25 PER SH   
EQ,NOCIL,NOCIL Limited, ,24/07/2019,30/07/2019,22/07/2019, , ,AGM/DIV-RS 2.50 PER SH   
EQ,TITAN,Titan Company Limited, ,31/07/2019,06/08/2019,29/07/2019, , ,AGM/DIV-RS 5 PER SH      
EQ,VOLTAS,Voltas Ltd., ,19/07/2019,09/08/2019,17/07/2019, , ,AGM/DIV-RS 4 PER SH      
EQ,ASHOKLEY,Ashok Leyland Ltd., ,25/07/2019,31/07/2019,23/07/2019, , ,AGM/DIV-RS 3.10 PER SH   
EQ,HINDPETRO,Hindustan Petroleum Corp, ,10/06/2019,14/06/2019,06/06/2019, , ,DIV-RS 9.40 PER SH       
EQ,MRPL,Mang. Ref & Petochem Ltd., ,03/06/2019,07/06/2019,30/05/2019, , ,DIV-RE 1 PER SH          
EQ,BASF,BASF Ltd., ,06/07/2019,12/07/2019,04/07/2019, , ,AGM/DIV-RS 3/SPLDIV-RS 2 
EQ,EIDPARRY,EID Parry Ltd., ,15/07/2019,29/07/2019,11/07/2019, , ,ANNUAL GENERAL MEETING   
EQ,FDC,FDC Ltd.,07/06/2019, , ,06/06/2019, , ,BUYBACK                  
EQ,LAXMIMACH,Lakshmi Mach Works, ,16/07/2019,22/07/2019,12/07/2019, , ,AGM/DIV - RS 35 PER SH   
EQ,SWARAJENG,Swaraj Engines Ltd, ,13/07/2019,19/07/2019,11/07/2019, , ,DIV-RS25/-&SPLDIV-RS25/- 
EQ,NATCOPHARM,Natco Pharma Limited,07/06/2019, , ,06/06/2019, , ,INT DIV - RS 1.25 PER SH 
EQ,VISAKAIND,Visaka Industries Ltd., ,22/06/2019,27/06/2019,20/06/2019, , ,AGM/DIV-RS 7 PER SH      
EQ,ICICIBANK,ICICI Bank Ltd., ,24/07/2019,09/08/2019,22/07/2019, , ,AGM/DIV-RE 1 PER SH      
EQ,CARBORUNIV,Carborundum Univ Ltd, ,24/07/2019,31/07/2019,22/07/2019, , ,DIV-RS 1.25 PER SH       
EQ,CORPBANK,Corporation Bank, ,21/06/2019,29/06/2019,19/06/2019, , ,ANNUAL GENERAL MEETING   
EQ,SRTRANSFIN,Shriram Trans Fin Co. Ltd, ,21/06/2019,27/06/2019,19/06/2019, , ,AGM/DIV-RS 7 PER SH      
EQ,MAHSCOOTER,Maharashtra Scooters Ltd, ,13/07/2019,24/07/2019,11/07/2019, , ,AGM/DIV-RS 33 PER SH     
EQ,MASTEK,Mastek Ltd, ,15/07/2019,16/07/2019,11/07/2019, , ,AGM/DIV-RS 5 PER SH      
EQ,NELCO,Nelco Ltd., ,17/07/2019,24/07/2019,15/07/2019, , ,AGM/DIV-RS 1.50 PER SH   
EQ,ORIENTBANK,Oriental Bank of Commerce, ,23/06/2019,29/06/2019,20/06/2019, , ,ANNUAL GENERAL MEETING   
EQ,GAMMONIND,Gammon India Ltd., ,30/05/2019,07/06/2019,28/05/2019, , ,ANNUAL GENERAL MEETING   
EQ,MONSANTO,Monsanto India Limited, ,12/06/2019,14/06/2019,10/06/2019, , ,AGM/DIV-RS 25 PER SH     
EQ,SYNDIBANK,Syndicate Bank, ,22/06/2019,28/06/2019,20/06/2019, , ,ANNUAL GENERAL MEETING   
EQ,AJANTPHARM,Ajanta Pharma Ltd, ,11/07/2019,18/07/2019,09/07/2019, , ,ANNUAL GENERAL MEETING   
EQ,IOB,Indian Overseas Bank, ,04/07/2019,10/07/2019,02/07/2019, , ,ANNUAL GENERAL MEETING   
EQ,TAJGVK,Taj GVK Hotels & Resorts, ,18/07/2019,25/07/2019,16/07/2019, , ,AGM/DIV-RE 0.60 PER SH   
EQ,MUKANDENGG,Mukand Engineers Ltd, ,27/07/2019,08/08/2019,25/07/2019, , ,ANNUAL GENERAL MEETING   
EQ,BANKBARODA,Bank of Baroda, ,20/06/2019,27/06/2019,18/06/2019, , ,ANNUAL GENERAL MEETING   
EQ,BOMDYEING,Bombay Dyeing & Mfg Co., ,27/07/2019,05/08/2019,25/07/2019, , ,DIV - RS 1.50 PER SH     
EQ,HIKAL,Hikal Limited, ,25/07/2019,01/08/2019,23/07/2019, , ,AGM/DIV-RE 0.60 PER SH   
EQ,CADILAHC,Cadila Healthcare Ltd., ,29/07/2019,09/08/2019,25/07/2019, , ,AGM/DIV-RS 3.50 PER SH   
EQ,TATASPONGE,Tata Sponge Iron Ltd., ,08/07/2019,15/07/2019,04/07/2019, , ,AGM/DIV-RS 12.50 PER SH  
EQ,ZENSARTECH,Zensar Technologies -Depo, ,29/07/2019,05/08/2019,25/07/2019, , ,AGM/DIV-RS 1.80 PER SH   
EQ,BIOCON,Biocon Limited,13/06/2019, , ,12/06/2019, , ,BONUS 1:1                
EQ,BIOCON,Biocon Limited,19/07/2019, , ,18/07/2019, , ,DIV - RE 1 PER SH        
EQ,MAHABANK,Bank of Maharashtra, ,21/06/2019,27/06/2019,19/06/2019, , ,ANNUAL GENERAL MEETING   
EQ,XPROINDIA,Xpro India Limited, ,27/07/2019,03/08/2019,25/07/2019, , ,ANNUAL GENERAL MEETING   
EQ,EXCELCROP,Excel Crop Care Limited,12/06/2019, , ,11/06/2019, , ,INT DIV-RS 6.25 PER SH   
EQ,PONNIERODE,Ponni Sugars (Erode) Limi, ,17/07/2019,23/07/2019,15/07/2019, , ,AGM/DIV-RS 2 PER SH      
EQ,PNB,Punjab National Bank, ,08/07/2019,12/07/2019,04/07/2019, , ,ANNUAL GENERAL MEETING   
EQ,INDORAMA,Indo Rama Synthetics (Ind, ,19/07/2019,26/07/2019,17/07/2019, , ,ANNUAL GENERAL MEETING   
EQ,GSKCONS,GlaxoSmithKline Consumer, ,27/07/2019,02/08/2019,25/07/2019, , ,AGM/DIV-RS 105 PER SH    
EQ,GRUH,Gruh Finance Limited, ,11/07/2019,19/07/2019,09/07/2019, , ,AGM/DIV-RS 2 PER SH      
EQ,UNIONBANK,Union Bank of India, ,22/06/2019,28/06/2019,20/06/2019, , ,ANNUAL GENERAL MEETING   
EQ,ALBK,Allahabad Bank, ,22/06/2019,28/06/2019,20/06/2019, , ,ANNUAL GENERAL MEETING   
EQ,UCOBANK,UCO Bank, ,21/06/2019,26/06/2019,19/06/2019, , ,ANNUAL GENERAL MEETING   
EQ,ASAL,Automotive Stampings and, ,25/06/2019,01/07/2019,21/06/2019, , ,ANNUAL GENERAL MEETING   
EQ,ATFL,Agro Tech Foods Limited, ,10/07/2019,17/07/2019,08/07/2019, , ,DIV-RS 2.50 PER SH       
EQ,WELSPUNIND,Welspun India Limited, ,15/07/2019,17/07/2019,11/07/2019, , ,AGM/DIV-RS 0.30 PER SH   
EQ,GRAPHITE,Graphite India Limited, ,29/06/2019,05/07/2019,27/06/2019, , ,AGM/DIV-RS 35 PER SHARE  
EQ,SKFINDIA,SKF India Limited, ,15/07/2019,23/07/2019,11/07/2019, , ,AGM/DIV-RS 12 PER SH     
EQ,RML,Rane (Madras) Limited,17/07/2019, , ,16/07/2019, , ,AGM/DIV-RS 4.50 PER SH   
EQ,TRIVENI,Triveni Engineering & Ind,19/06/2019, , ,18/06/2019, , ,BUYBACK                  
EQ,KANSAINER,Kansai Nerolac Paints Ltd, ,15/06/2019,21/06/2019,13/06/2019, , ,AGM/DIV-RS 2.60 PER SH   
EQ,EXIDEIND,Exide Industries Ltd, ,27/07/2019,03/08/2019,25/07/2019, , ,AGM/DIV-RE 0.80 PER SH   
EQ,JSWSTEEL,JSW Steel Limited, ,10/07/2019,12/07/2019,08/07/2019, , ,AGM/DIV-RS 4.10 PER SH   
EQ,PVR,PVR Limited, ,18/07/2019,25/07/2019,16/07/2019, , ,AGM/DIV-RS 2 PER SH      
EQ,WENDT,Wendt (India) Ltd., ,15/07/2019,22/07/2019,11/07/2019, , ,AGM/ DIV-RS 15 PER SH    
EQ,IMPAL,India Motor Parts and Acc,11/06/2019, , ,10/06/2019, , ,INT DIV-RS 10 PER SH     
EQ,TATASTEEL,Tata Steel Limited, ,06/07/2019,19/07/2019,04/07/2019, , ,AGM/DIV-RS 13 PER SH     
EQ,ATUL,Atul Ltd., ,13/07/2019,19/07/2019,11/07/2019, , ,AGM/DIV-RS 15 PER SH     
EQ,SHRIRAMCIT,Shriram City Union Financ, ,23/07/2019,29/07/2019,19/07/2019, , ,AGM/DIV-RS 16 PER SH     
EQ,JKCEMENT,JK Cement Limited, ,25/07/2019,03/08/2019,23/07/2019, , ,AGM/DIV- RS 10 PER SH    
EQ,M&MFIN,Mahindra & Mahindra Finan, ,17/07/2019,23/07/2019,15/07/2019, , ,AGM/DIV-RS4/SPLDIV-RS2.5 
EQ,SHREYAS,Shreyas Shipping & Logist, ,13/07/2019,20/07/2019,11/07/2019, , ,DIV-RS 1.20 PER SH       
EQ,EVERESTIND,Everest Industries Limite,17/07/2019, , ,16/07/2019, , ,AGM/DIV-RS 7.50 PER SH   
EQ,YESBANK,Yes Bank Limited, ,06/06/2019,12/06/2019,03/06/2019, , ,AGM/DIV-RS 2 PER SH      
EQ,MMFL,MM Forgings Ltd.,10/06/2019, , ,07/06/2019, , ,INT DIV - RS 2.5 PER SH  
EQ,PAGEIND,Page Industries Limited, ,12/07/2019,13/07/2019,10/07/2019, , ,ANNUAL GENERAL MEETING   
EQ,HINDUNILVR,Hindustan Unilever Ltd, ,22/06/2019,29/06/2019,20/06/2019, , ,AGM/DIV-RS 13 PER SH     
EQ,MPHASIS,MphasiS Limited, ,13/07/2019,25/07/2019,11/07/2019, , ,AGM/DIV-RS 27 PER SH     
EQ,BALAMINES,Balaji Amines Limited, ,19/07/2019,26/07/2019,17/07/2019, , ,AGM/DIV-RS 2.80 PER SH   
EQ,AXISBANK,Axis Bank Limited, ,06/07/2019,20/07/2019,04/07/2019, , ,AGM/DIV-RE 1 PER SH      
EQ,CENTRALBK,Central Bank of India, ,25/06/2019,28/06/2019,21/06/2019, , ,ANNUAL GENERAL MEETING   
EQ,TECHM,Tech Mahindra Limited, ,27/07/2019,31/07/2019,25/07/2019, , ,AGM/DIV-RS 14 PER SH     
EQ,UFLEX,UFLEX Limited, ,26/07/2019,01/08/2019,24/07/2019, , ,AGM/DIV-RS 2 PER SH      
EQ,GRINDWELL,Grindwell Norton Limited, ,19/07/2019,25/07/2019,17/07/2019, , ,AGM/DIV-RS 6 PER SH      
EQ,NILKAMAL,Nilkamal Limited, ,22/06/2019,28/06/2019,20/06/2019, , ,AGM/DIV-RS 9 PER SH      
EQ,JSWHL,JSW Holdings Limited, ,11/06/2019,14/06/2019,07/06/2019, , ,ANNUAL GENERAL MEETING   
EQ,SANGHVIMOV,Sanghvi Movers Ltd., ,25/07/2019,08/08/2019,23/07/2019, , ,ANNUAL GENERAL MEETING   
EQ,PTL,PTL Enterprises Limited, ,19/07/2019,30/07/2019,17/07/2019, , ,AGM/DIV-RS 2.50 PER SH   
EQ,SAGCEM,Sagar Cements Ltd, ,18/07/2019,24/07/2019,16/07/2019, , ,AGM/DIV-RS 2.50 PER SH   
EQ,BAJAJELEC,Bajaj Electricals Limited, ,27/07/2019,07/08/2019,25/07/2019, , ,AGM/DIV-RS 3.50 PER SH   
EQ,CERA,Cera Sanitaryware Limited, ,16/07/2019,23/07/2019,12/07/2019, , ,AGM/DIV-RS 13 PER SH     
EQ,NAVINFLUOR,Navin Fluorine Internatio, ,11/06/2019,14/06/2019,07/06/2019, , ,DIV-RS 4 PER SH          
EQ,GOACARBON,Goa Carbon Ltd, ,02/07/2019,08/07/2019,28/06/2019, , ,ANNUAL GENERAL MEETING   
EQ,MAHLIFE,Mahindra Lifespace DevLtd, ,20/07/2019,26/07/2019,18/07/2019, , ,AGM/DIV-RS 6 PER SH      
EQ,REDINGTON,Redington (India) Limited, ,24/07/2019,30/07/2019,22/07/2019, , ,AGM/DIV-RS 3.30 PER SH   
EQ,ZEEL,Zee Entertain. Enterp.Ltd,16/07/2019, , ,15/07/2019, , ,AGM/DIV-RS 3.50 PER SH   
EQ,NELCAST,Nelcast Limited, ,27/07/2019,01/08/2019,25/07/2019, , ,DIV-RE 1 PER SHARE       
EQ,TORNTPOWER,Torrent Power Limited,14/06/2019, , ,13/06/2019, , ,AGM/DIV-RS 5 PER SH      
EQ,INDIANB,Indian Bank, ,22/06/2019,27/06/2019,20/06/2019, , ,ANNUAL GENERAL MEETING   
EQ,MINDTREE,MindTree Limited, ,10/07/2019,16/07/2019,08/07/2019, , ,AGM/DIV-RS4/SPL DIV-RS 20
EQ,JYOTHYLAB,Jyothy Laboratories Limit, ,16/07/2019,23/07/2019,12/07/2019, , ,AGM/DIV-RS 3 PER SH      
EQ,UNITEDBNK,United Bank of India, ,21/06/2019,27/06/2019,19/06/2019, , ,ANNUAL GENERAL MEETING   
EQ,INSECTICID,Insecticides (India) Limi, ,27/07/2019,02/08/2019,25/07/2019, , ,AGM/DIV-RS 2 PER SH      
EQ,ASTEC,Astec LifeSciences Ltd, ,22/07/2019,25/07/2019,18/07/2019, , ,AGM/DIV-RS 1.50 PER SH   
EQ,SICAGEN,Sicagen India Limited, ,25/07/2019,31/07/2019,23/07/2019, , ,AGM/DIV-RS 0.4 PER SH    
EQ,MHRIL,Mahindra Holidays & Resor, ,25/07/2019,31/07/2019,23/07/2019, , ,ANNUAL GENERAL MEETING   
EQ,GKWLIMITED,GKW Limited, ,09/07/2019,15/07/2019,05/07/2019, , ,ANNUAL GENERAL MEETING   
EQ,VINATIORGA,Vinati Organics Limited, ,18/07/2019,27/07/2019,16/07/2019, , ,AGM/DIV-RS 7 PER SH      
EQ,MEP,MEP Infra. Developers Ltd, ,26/07/2019,01/08/2019,24/07/2019, , ,AGM/DIV-RS 0.30 PER SH   
EQ,SOTL,Savita Oil Technologies L,12/06/2019, , ,11/06/2019, , ,BUYBACK                  
EQ,BAJAJHLDNG,Bajaj Holdings & Invs Ltd, ,13/07/2019,26/07/2019,11/07/2019, , ,AGM/DIV-RS 32.50 PER SH  
EQ,BIRLAMONEY,Aditya Birla Money Ltd, ,27/06/2019,03/07/2019,25/06/2019, , ,ANNUAL GENERAL MEETING   
EQ,MPSLTD,MPS Limited, ,18/07/2019,24/07/2019,16/07/2019, , ,AGM/DIV-RS 25 PER SH     
EQ,VGUARD,V-Guard Industries Limite, ,18/07/2019,24/07/2019,16/07/2019, , ,AGM/DIV-RS 0.80 PER SH   
EQ,EIHAHOTELS,EIH Associated Hotels, ,23/07/2019,25/07/2019,19/07/2019, , ,AGM/DIV-RS 4.50 PER SH   
EQ,BAJAJFINSV,Bajaj Finserv Limited, ,13/07/2019,25/07/2019,11/07/2019, , ,AGM/DIV-RS 2.50 PER SH   
EQ,BAJAJ-AUTO,Bajaj Auto Limited, ,13/07/2019,26/07/2019,11/07/2019, , ,AGM/DIV-RS 60 PER SH     
EQ,SOLARINDS,Solar Industries (I) Ltd, ,20/07/2019,31/07/2019,18/07/2019, , ,AGM/DIV-RS 7 PER SH      
EQ,THANGAMAYL,Thangamayil Jewellery Ltd, ,26/07/2019,01/08/2019,24/07/2019, , ,AGM/DIV-RS 5.00 PER SH   
EQ,MAYURUNIQ,Mayur Uniquoters Ltd, ,05/07/2019,06/07/2019,03/07/2019, , ,AGM/DIV-RS 0.25 PER SH   
EQ,RBL,Rane Brake Lining Limited,18/07/2019, , ,17/07/2019, , ,AGM/DIV-RS 9 PER SH      
EQ,GEECEE,GeeCee Ventures Limited,07/06/2019, , ,06/06/2019, , ,BUYBACK                  
EQ,UGARSUGAR,The Ugar Sugar Works Ltd, ,29/07/2019,09/08/2019,25/07/2019, , ,ANNUAL GENERAL MEETING   
EQ,CHOLAFIN,Cholamandalam In & Fin Co,17/06/2019, , ,14/06/2019, , ,FV SPLT FRM RS 10 TO RS 2
EQ,CHOLAFIN,Cholamandalam In & Fin Co, ,24/07/2019,30/07/2019,22/07/2019, , ,AGM/DIV-RS 2 PER SH      
EQ,WELINV,Welspun Inv & Comm Ltd, ,26/06/2019,28/06/2019,24/06/2019, , ,ANNUAL GENERAL MEETING   
EQ,DEEPAKNTR,Deepak Nitrite Ltd, ,21/06/2019,28/06/2019,19/06/2019, , ,AGM/DIV-RS 2 PER SH      
EQ,BAJFINANCE,Bajaj Finance Limited, ,13/07/2019,25/07/2019,11/07/2019, , ,AGM/DIV-RS 6 PER SH      
EQ,ALICON,Alicon Castalloy Limited, ,22/07/2019,26/07/2019,18/07/2019, , ,AGM/DIV-RS 5 PER SH      
EQ,INFY,Infosys Limited, ,15/06/2019,15/06/2019,13/06/2019, , ,AGM/DIV-RS 10.50 PER SH  
EQ,ADANIPORTS,ADANI PORT & SEZ LTD,21/06/2019, , ,20/06/2019, , ,BUYBACK                  
EQ,HEROMOTOCO,Hero MotoCorp Limited, ,18/07/2019,29/07/2019,16/07/2019, , ,AGM/DIV-RS 32 PER SH     
EQ,SYMPHONY,Symphony Limited, ,06/07/2019,10/07/2019,04/07/2019, , ,AGM/DIV-RS 1.50 PER SH   
EQ,ORIENTREF,Orient Refractories Ltd, ,02/07/2019,09/07/2019,28/06/2019, , ,AGM/DIV-RS 2.50 PER SH   
EQ,PEL,Piramal Enterprises Ltd., ,20/07/2019,30/07/2019,18/07/2019, , ,AGM/DIV-RS 28 PER SH     
EQ,BAFNAPHARM,Bafna Pharmaceuticals L, ,24/06/2019,27/06/2019,20/06/2019, , ,ANNUAL GENERAL MEETING   
EQ,VAIBHAVGBL,Vaibhav Gems Limited, ,13/07/2019,13/07/2019,11/07/2019, , ,AGM/DIV-RS 5.00 PER SH   
EQ,NAVNETEDUL,Navneet Education Limited, ,17/07/2019,24/07/2019,15/07/2019, , ,AGM/DIV-RE 1 PER SH      
EQ,DCMSHRIRAM,DCM Shriram Limited, ,16/07/2019,23/07/2019,12/07/2019, , ,AGM/DIV-RS 1.60 PER SH   
EQ,AGRITECH,Agri-Tech (India) Limited, ,29/07/2019,03/08/2019,25/07/2019, , ,ANNUAL GENERAL MEETING   
EQ,BUTTERFLY,Btrfly Gandhi Appl Ltd, ,31/07/2019,07/08/2019,29/07/2019, , ,ANNUAL GENERAL MEETING   
EQ,CIGNITITEC,Cigniti Technologies Ltd, ,20/07/2019,24/07/2019,18/07/2019, , ,ANNUAL GENERAL MEETING   
EQ,TECHIN,Techindia Nirman Limited, ,29/07/2019,03/08/2019,25/07/2019, , ,ANNUAL GENERAL MEETING   
EQ,UFO,UFO Moviez India Ltd.,07/06/2019, , ,06/06/2019, , ,INTDIV-RS12.5/SPLDIV-RS15
EQ,CAMLINFINE,Camlin Fine Sciences Ltd, ,27/07/2019,02/08/2019,25/07/2019, , ,ANNUAL GENERAL MEETING   
EQ,SYNGENE,Syngene International Ltd,12/06/2019, , ,11/06/2019, , ,BONUS 1:1                
EQ,PENPEBS,Pennar Eng Bldg Sys Ltd,10/06/2019, , , , , ,SCHEME OF AMALGAMATION   
EQ,PILITA,PIL Italica Lifestyle Ltd, ,22/06/2019,28/06/2019,20/06/2019, , ,ANNUAL GENERAL MEETING   
EQ,OCCL,Oriental Carbn & Chem Ltd, ,20/07/2019,26/07/2019,18/07/2019, , ,DIV-RS 8 PER SH          
EQ,SATIN,Satin Credit Net Ltd, ,30/06/2019,06/07/2019,27/06/2019, , ,ANNUAL GENERAL MEETING   
EQ,PDMJEPAPER,Pudumjee Paper Pro. Ltd, ,16/07/2019,27/07/2019,12/07/2019, , ,AGM/DIV-RS 0.15 PER SH   
EQ,CROMPTON,Crompt Grea Con Elec Ltd, ,20/07/2019,24/07/2019,18/07/2019, , ,AGM/DIV-RS 2 PER SH      
EQ,DAMODARIND,Damodar Industries Ltd, ,02/07/2019,05/07/2019,28/06/2019, , ,AGM/DIV-RS 0.75 PER SH   
EQ,AVADHSUGAR,Avadh Sug & Energy Ltd, ,05/06/2019,07/06/2019,03/06/2019, , ,DIV-RS 3 PER SH          
EQ,SHANKARA,Shankara Bldg Product Ltd, ,22/06/2019,25/06/2019,20/06/2019, , ,AGM/DIV-RS 1.5 PER SH    
EQ,GODREJAGRO,Godrej Agrovet Limited, ,27/07/2019,02/08/2019,25/07/2019, , ,AGM/DIV-RS 4.50 PER SH   
EQ,TEJASNET,Tejas Networks Limited, ,19/07/2019,25/07/2019,17/07/2019, , ,AGM/DIV-RE 1 PER SH      
EQ,SIS,Security Intell Services, ,21/06/2019,21/06/2019,19/06/2019, , ,AGM/DIV-RS 3.50 PER SH   
EQ,HDFCLIFE,HDFC Life Ins Co Ltd, ,15/07/2019,23/07/2019,11/07/2019, , ,ANNUAL GENERAL MEETING   
EQ,LAURUSLABS,Laurus Labs Limited, ,05/07/2019,11/07/2019,03/07/2019, , ,AGM/DIV-RS 1.50 PER SH   
EQ,MASFIN,MAS Financial Serv Ltd, ,20/06/2019,26/06/2019,18/06/2019, , ,DIV-RS 3.60 PER SH       
EQ,TIINDIA,Tube Invest of India Ltd, ,10/07/2019,24/07/2019,08/07/2019, , ,DIV-RE 0.75 PER SH       
EQ,GICRE,General Ins Corp of India,22/07/2019, , ,19/07/2019, , ,DIV-RS 6.75 PER SH       
EQ,MAHLOG,Mahindra Logistic Limited, ,25/07/2019,01/08/2019,23/07/2019, , ,DIV-RS 1.8 PER SH        
EQ,IFGLEXPOR,IFGL Refractories Limited, ,22/07/2019,27/07/2019,18/07/2019, , ,AGM/DIV-RS 2.50 PER SH   
EQ,MAGADSUGAR,Magadh Sugar & Energy Ltd, ,05/06/2019,07/06/2019,03/06/2019, , ,DIV-RS 2 PER SH          
EQ,BSE,BSE Limited,28/06/2019, , ,27/06/2019, , ,DIV-RS 25 PER SH         
EQ,GEOJITFSL,Geojit Fin Serv Ltd, ,25/07/2019,26/07/2019,23/07/2019, , ,AGM/DIV-RE 1 PER SH      
EQ,HDFCAMC,HDFC AMC Limited, ,06/07/2019,16/07/2019,04/07/2019, , ,AGM/DIV-RS 12 PER SH     
EQ,AMJLAND,AMJ Land Holdings Limited, ,16/07/2019,27/07/2019,12/07/2019, , ,AGM/DIV-RS 0.30 PER SH   
EQ,3PLAND,3P Land Holdings Limited, ,12/07/2019,22/07/2019,10/07/2019, , ,ANNUAL GENERAL MEETING   
EQ,FINEORG,Fine Organic Ind. Ltd., ,27/07/2019,30/07/2019,25/07/2019, , ,AGM/DIV-RS 7 PER SH      
EQ,BANDHANBNK,Bandhan Bank Limited, ,22/06/2019,28/06/2019,20/06/2019, , ,AGM/DIV-RS 3 PER SH      
EQ,EXPLEOSOL,Expleo Solutions Limited, ,27/07/2019,31/07/2019,25/07/2019, , ,ANNUAL GENERAL MEETING   
EQ,RGL,Renaissance Global Ltd, ,31/07/2019,07/08/2019,29/07/2019, , ,ANNUAL GENERAL MEETING   
EQ,CHOLAHLDNG,Cholamandalam Fin Hol Ltd, ,26/07/2019,01/08/2019,24/07/2019, , ,AGM/DIV-RE 0.65 PER SH   
GS,827GS2020,GOI LOAN 8.27% 2020,07/06/2019, , ,06/06/2019, , ,INTEREST PAYMENT         
GS,883GS2041,GOI LOAN 8.83% 2041,11/06/2019, , ,10/06/2019, , ,INTEREST PAYMENT         
GS,605GS2019,GOI LOAN 6.05% 2019,10/06/2019, , , , , ,INT PAYMENT/REDEMPTION   
GS,617GS2023,GOI LOAN 6.17% 2023,11/06/2019, , ,10/06/2019, , ,INTEREST PAYMENT         
GS,815GS2022A,GOI LOAN 8.15% 2022,10/06/2019, , ,07/06/2019, , ,INTEREST PAYMENT         
GS,768GS2023,GOI LOAN 7.68% 2023,14/06/2019, , ,13/06/2019, , ,INTEREST PAYMENT         
GS,773GS2034,GOI LOAN 7.73% 2034,18/06/2019, , ,17/06/2019, , ,INTEREST PAYMENT         
GS,812GS2020,GOI LOAN 8.12% 2020,07/06/2019, , ,06/06/2019, , ,INTEREST PAYMENT         
GS,684GS2022,GOI LOAN 6.84% 2022,18/06/2019, , ,17/06/2019, , ,INTEREST PAYMENT         
M1,DHFL,Sec Red NCD 8.65% Sr. VI,19/06/2019, , ,12/06/2019,12/06/2019,18/06/2019,INTEREST PAYMENT         
M8,SRTRANSFIN,BOND 10% PA SRN S-II,21/06/2019, , ,20/06/2019, , ,INT PAYMENT/REDEMPTION   
M9,SRTRANSFIN,BOND 10.15% PA SRN S-III,21/06/2019, , ,20/06/2019, , ,INTEREST PAYMENT         
MA,SRTRANSFIN,BOND 9.57% PA SRN S-IV,21/06/2019, , ,14/06/2019,14/06/2019,20/06/2019,INT PAYMENT/REDEMPTION   
MA,SRTRANSFIN,BOND 9.57% PA SRN S-IV,13/06/2019, , ,06/06/2019,06/06/2019,12/06/2019,INTEREST PAYMENT         
MB,SRTRANSFIN,BOND 9.71% PA SRN S-V,13/06/2019, , ,12/06/2019, , ,INTEREST PAYMENT         
MB,SRTRANSFIN,BOND 9.71% PA SRN S-V,13/07/2019, , ,11/07/2019, , ,INTEREST PAYMENT         
MD,SRTRANSFIN,BOND PA SRN S-VII,21/06/2019, , ,14/06/2019,14/06/2019,20/06/2019,INT PAYMENT/REDEMPTION   
MF,UTFDMP24P8,UTIAMC - UTFDMP24P8,13/06/2019, , , , , ,DIV/REDEMPTION           
MF,UTFDGR24P8,UTIAMC - UTFDGR24P8,13/06/2019, , , , , ,REDEMPTION               
MF,UTFRGR24P9,UTIAMC - UTFRGR24P9,25/06/2019, , , , , ,REDEMPTION               
MF,UTFDGR24P9,UTIAMC - UTFDGR24P9,25/06/2019, , , , , ,REDEMPTION               
MF,H1190M36RQ,HDFCAMC - H1190M36RQ,25/06/2019, , , , , ,DIV/REDEMPTION           
MF,H1190M36RD,HDFCAMC - H1190M36RD,25/06/2019, , , , , ,DIV/REDEMPTION           
MF,H1190M36RG,HDFCAMC - H1190M36RG,25/06/2019, , , , , ,REDEMPTION               
MF,H1190M36DQ,HDFCAMC - H1190M36DQ,25/06/2019, , , , , ,DIV/REDEMPTION           
MF,H1190M36DD,HDFCAMC - H1190M36DD,25/06/2019, , , , , ,DIV/REDEMPTION           
MF,H1190M36DG,HDFCAMC - H1190M36DG,25/06/2019, , , , , ,REDEMPTION               
MF,H1153A36RQ,HDFCAMC - H1153A36RQ,01/07/2019, , , , , ,DIV/REDEMPTION           
MF,H1153A36RD,HDFCAMC - H1153A36RD,01/07/2019, , , , , ,DIV/REDEMPTION           
MF,H1153A36RG,HDFCAMC - H1153A36RG,01/07/2019, , , , , ,REDEMPTION               
MF,H1153A36DQ,HDFCAMC - H1153A36DQ,01/07/2019, , , , , ,DIV/REDEMPTION           
MF,H1153A36DD,HDFCAMC - H1153A36DD,01/07/2019, , , , , ,DIV/REDEMPTION           
MF,H1153A36DG,HDFCAMC - H1153A36DG,01/07/2019, , , , , ,REDEMPTION               
MF,H1113J36RQ,HDFCAMC - H1113J36RQ,25/06/2019, , , , , ,DIV/REDEMPTION           
MF,H1113J36RD,HDFCAMC - H1113J36RD,25/06/2019, , , , , ,DIV/REDEMPTION           
MF,H1113J36RG,HDFCAMC - H1113J36RG,25/06/2019, , , , , ,REDEMPTION               
MF,H1113J36DQ,HDFCAMC - H1113J36DQ,25/06/2019, , , , , ,DIV/REDEMPTION           
MF,H1113J36DD,HDFCAMC - H1113J36DD,25/06/2019, , , , , ,DIV/REDEMPTION           
MF,H1113J36DG,HDFCAMC - H1113J36DG,25/06/2019, , , , , ,REDEMPTION               
MF,H1127M36RQ,HDFCAMC - H1127M36RQ,01/07/2019, , , , , ,DIV/REDEMPTION           
MF,H1127M36RD,HDFCAMC - H1127M36RD,01/07/2019, , , , , ,DIV/REDEMPTION           
MF,H1127M36RG,HDFCAMC - H1127M36RG,01/07/2019, , , , , ,REDEMPTION               
MF,H1127M36DD,HDFCAMC - H1127M36DD,01/07/2019, , , , , ,DIV/REDEMPTION           
MF,H1127M36DG,HDFCAMC - H1127M36DG,01/07/2019, , , , , ,REDEMPTION               
MF,UFRQP24P15,UTIAMC - UFRQP24P15,18/06/2019, , , , , ,DIV/REDEMPTION           
MF,UFRMP24P15,UTIAMC - UFRMP24P15,18/06/2019, , , , , ,DIV/REDEMPTION           
MF,UFRGR24P15,UTIAMC - UFRGR24P15,18/06/2019, , , , , ,REDEMPTION               
MF,UFRFP24P15,UTIAMC - UFRFP24P15,18/06/2019, , , , , ,DIV/REDEMPTION           
MF,UFRAP24P15,UTIAMC - UFRAP24P15,18/06/2019, , , , , ,DIV/REDEMPTION           
MF,UFDQP24P15,UTIAMC - UFDQP24P15,18/06/2019, , , , , ,DIV/REDEMPTION           
MF,UFDMP24P15,UTIAMC - UFDMP24P15,18/06/2019, , , , , ,DIV/REDEMPTION           
MF,UFDGR24P15,UTIAMC - UFDGR24P15,18/06/2019, , , , , ,REDEMPTION               
MF,UFDAP24P15,UTIAMC - UFDAP24P15,18/06/2019, , , , , ,DIV/REDEMPTION           
MF,UTFRGR24P8,UTIAMC - UTFRGR24P8,13/06/2019, , , , , ,REDEMPTION               
MF,BSLCAP29RG,BIRLASLAMC - BSLCAP29RG,10/06/2019, , , , , ,DIV/REDEMPTION           
MF,BSLCAP29DG,BIRLASLAMC - BSLCAP29DG,10/06/2019, , , , , ,DIV/REDEMPTION           
MF,UTFDQIPIRI,UTIAMC - UTFDQIPIRI,17/06/2019, , , , , ,DIV/STP                  
MF,UTFIQIPRGI,UTI-FIIF QIP - I - RG,17/06/2019, , , , , ,STP                      
MF,UTFIQIPRRI,UTI-FIIF QIP - I - RDR,17/06/2019, , , , , ,DIV/STP                  
MF,UTFIQIPRPI,UTI-FIIF QIP - I - RDP,17/06/2019, , , , , ,DIV/STP                  
MF,UTFDQIPIPI,UTIAMC - UTFDQIPIPI,17/06/2019, , , , , ,DIV/STP                  
MF,UTFDQIPIGI,UTIAMC - UTFDQIPIGI,17/06/2019, , , , , ,STP                      
MH,SRTRANSFIN,Sec Red NCD 8.93% Sr. I,26/06/2019, , ,19/06/2019,19/06/2019,25/06/2019,INTEREST PAYMENT         
MI,SRTRANSFIN,Sec Red NCD 9.03% Sr. II,26/06/2019, , ,19/06/2019,19/06/2019,25/06/2019,INTEREST PAYMENT         
MJ,SRTRANSFIN,Sec Red NCD 9.10% Sr. III,26/06/2019, , ,19/06/2019,19/06/2019,25/06/2019,INTEREST PAYMENT         
MK,SRTRANSFIN,Sec Red NCD 9.30% Sr. IV,26/06/2019, , ,19/06/2019,19/06/2019,25/06/2019,INTEREST PAYMENT         
ML,SRTRANSFIN,Sec Red NCD 9.40% Sr. V,26/06/2019, , ,25/06/2019, , ,INTEREST PAYMENT         
MO,SRTRANSFIN,Sec Red NCD 9.12% Sr. I,13/07/2019, , ,11/07/2019, , ,INTEREST PAYMENT         
MO,SRTRANSFIN,Sec Red NCD 9.12% Sr. I,13/06/2019, , ,12/06/2019, , ,INTEREST PAYMENT         
MP,SRTRANSFIN,Sec Red NCD 9.30% Sr. II,13/06/2019, , ,12/06/2019, , ,INTEREST PAYMENT         
MP,SRTRANSFIN,Sec Red NCD 9.30% Sr. II,13/07/2019, , ,11/07/2019, , ,INTEREST PAYMENT         
MV,SRTRANSFIN,Shriram Transport Finance,17/07/2019, , ,16/07/2019, , ,INTEREST PAYMENT         
MV,SRTRANSFIN,Shriram Transport Finance,16/06/2019, , ,13/06/2019, , ,INTEREST PAYMENT         
MW,SRTRANSFIN,Shriram Transport Finance,16/06/2019, , ,13/06/2019, , ,INTEREST PAYMENT         
MW,SRTRANSFIN,Shriram Transport Finance,17/07/2019, , ,16/07/2019, , ,INTEREST PAYMENT         
N1,ERFLNCDI,Sec Red NCD 8.42% Sr. I,14/06/2019, , ,13/06/2019, , ,INTEREST PAYMENT         
N1,DHFL,Sec Red NCD 8.74% Sr. 1A,01/07/2019, , ,28/06/2019, , ,INTEREST PAYMENT         
N2,DHFL,Sec Red NCD 8.83% Sr. 1B,01/07/2019, , ,28/06/2019, , ,INTEREST PAYMENT         
N2,IIHFL,IIHFL 12.00 NCD Opt I,21/06/2019, , ,20/06/2019, , ,INTEREST PAYMENT         
N3,DHFL,Sec Red NCD 8.74% Sr. 2A,01/07/2019, , ,28/06/2019, , ,INTEREST PAYMENT         
N3,ERFLNCDI,Sec Red NCD 8.65% Sr. III,14/06/2019, , ,13/06/2019, , ,INTEREST PAYMENT         
N3,ICFL,Indiabulls Consumer Finan,23/06/2019, , ,20/06/2019, , ,INTEREST PAYMENT         
N4,DHFL,Sec Red NCD 8.88% Sr. 2B,01/07/2019, , ,28/06/2019, , ,INTEREST PAYMENT         
N5,ERFLNCDI,Sec Red NCD 8.88% Sr. V,14/06/2019, , ,13/06/2019, , ,INTEREST PAYMENT         
N5,DHFL,Sec Red NCD 8.74% Sr. 3A,01/07/2019, , ,28/06/2019, , ,INTEREST PAYMENT         
N6,DHFL,Sec Red NCD 8.93% Sr. 3B,01/07/2019, , ,28/06/2019, , ,INTEREST PAYMENT         
N6,ICFL,Indiabulls Consumer Finan,23/06/2019, , ,20/06/2019, , ,INTEREST PAYMENT         
N7,IBUCCREDIT,SeReNCD8.66%SrIVCIII&IV,10/06/2019, , ,07/06/2019, , ,INTEREST PAYMENT         
N8,IBULHSGFIN,Sec Red NCD 8.65% Sr. V,17/06/2019, , ,14/06/2019, , ,INTEREST PAYMENT         
NA,IBUCCREDIT,SeReNCD8.75%SrVICI&II,10/06/2019, , ,07/06/2019, , ,INTEREST PAYMENT         
NB,IBUCCREDIT,SeReNCD8.84%SrVICIII&IV,10/06/2019, , ,07/06/2019, , ,INTEREST PAYMENT         
NC,IBULHSGFIN,Uns Red NCD 8.79% Sr.VIII,17/06/2019, , ,14/06/2019, , ,INTEREST PAYMENT         
NI,RECLTD,8.12/8.32% Tax Free NCD,15/06/2019, , ,13/06/2019, , ,INTEREST PAYMENT         
NO,SREIBNPNCD,Uns Red NCD 9.25% Sr. I,17/06/2019, , ,14/06/2019, , ,INTEREST PAYMENT         
NR,SREIBNPNCD,Uns Red NCD 9.35% Sr. IV,17/06/2019, , ,14/06/2019, , ,INTEREST PAYMENT         
NU,SREIBNPNCD,Uns Red NCD 9.50% Sr. VII,17/06/2019, , ,14/06/2019, , ,INTEREST PAYMENT         
NW,SREINFRA,Sec Red NCD 9.35% Sr. II,24/06/2019, , ,21/06/2019, , ,INTEREST PAYMENT         
NY,DHFL,Sec Red NCD 8.56% Sr. V,19/06/2019, , ,18/06/2019, , ,INTEREST PAYMENT         
NZ,SREINFRA,Sec Red NCD 9.60% Sr. V,24/06/2019, , ,21/06/2019, , ,INTEREST PAYMENT         
NZ,DHFL,Sec Red NCD 8.56% Sr. VI,19/06/2019, , ,18/06/2019, , ,INTEREST PAYMENT         
P2,JSWSTEEL,0.01% Cum Red Pref Shares, ,10/07/2019,12/07/2019,08/07/2019, , ,DIV-RE0.0007(0.01%)PERSH 
SM,AMJUMBO,A and M Jumbo Bags Ltd, ,15/06/2019,20/06/2019,13/06/2019, , ,ANNUAL GENERAL MEETING   
SM,FOCUS,Focus Lightg & Fixtrs Ltd,07/06/2019, , ,06/06/2019, , ,INT DIV - RE 1 PER SH    
SM,GLOBAL,Global Education Limited, ,20/07/2019,03/08/2019,18/07/2019, , ,AGM/DIV-RS 1.50 PER SH   
SM,PANACHE,Panache Digilife Limited,17/06/2019, , ,14/06/2019, , ,DIV-RS 0.50 PER SH       
SQ,AMJUMBO,A and M Jumbo Bags Ltd, ,15/06/2019,20/06/2019,13/06/2019, , ,ANNUAL GENERAL MEETING   
SQ,GLOBAL,Global Education Limited, ,20/07/2019,03/08/2019,18/07/2019, , ,AGM/DIV-RS 1.50 PER SH   
SQ,FOCUS,Focus Lightg & Fixtrs Ltd,07/06/2019, , ,06/06/2019, , ,INT DIV - RE 1 PER SH    
SQ,PANACHE,Panache Digilife Limited,17/06/2019, , ,14/06/2019, , ,DIV-RS 0.50 PER SH       
ST,PANACHE,Panache Digilife Limited,17/06/2019, , ,14/06/2019, , ,DIV-RS 0.50 PER SH       
ST,AMJUMBO,A and M Jumbo Bags Ltd, ,15/06/2019,20/06/2019,13/06/2019, , ,ANNUAL GENERAL MEETING   
ST,FOCUS,Focus Lightg & Fixtrs Ltd,07/06/2019, , ,06/06/2019, , ,INT DIV - RE 1 PER SH    
ST,GLOBAL,Global Education Limited, ,20/07/2019,03/08/2019,18/07/2019, , ,AGM/DIV-RS 1.50 PER SH   
U1,ERFLNCDI,Sec Red NCD 8.42% Sr. I,14/06/2019, , ,13/06/2019, , ,INTEREST PAYMENT         
U2,IIHFL,IIHFL 12.00 NCD Opt I,21/06/2019, , ,20/06/2019, , ,INTEREST PAYMENT         
U3,ERFLNCDI,Sec Red NCD 8.65% Sr. III,14/06/2019, , ,13/06/2019, , ,INTEREST PAYMENT         
U3,ICFL,Indiabulls Consumer Finan,23/06/2019, , ,20/06/2019, , ,INTEREST PAYMENT         
U5,ERFLNCDI,Sec Red NCD 8.88% Sr. V,14/06/2019, , ,13/06/2019, , ,INTEREST PAYMENT         
U6,ICFL,Indiabulls Consumer Finan,23/06/2019, , ,20/06/2019, , ,INTEREST PAYMENT         
U7,IBUCCREDIT,SeReNCD8.66%SrIVCIII&IV,10/06/2019, , ,07/06/2019, , ,INTEREST PAYMENT         
U8,IBULHSGFIN,Sec Red NCD 8.65% Sr. V,17/06/2019, , ,14/06/2019, , ,INTEREST PAYMENT         
UA,IBUCCREDIT,SeReNCD8.75%SrVICI&II,10/06/2019, , ,07/06/2019, , ,INTEREST PAYMENT         
UB,IBUCCREDIT,SeReNCD8.84%SrVICIII&IV,10/06/2019, , ,07/06/2019, , ,INTEREST PAYMENT         
UC,IBULHSGFIN,Uns Red NCD 8.79% Sr.VIII,17/06/2019, , ,14/06/2019, , ,INTEREST PAYMENT         
UI,RECLTD,8.12/8.32% Tax Free NCD,15/06/2019, , ,13/06/2019, , ,INTEREST PAYMENT         
UO,SREIBNPNCD,Uns Red NCD 9.25% Sr. I,17/06/2019, , ,14/06/2019, , ,INTEREST PAYMENT         
UR,SREIBNPNCD,Uns Red NCD 9.35% Sr. IV,17/06/2019, , ,14/06/2019, , ,INTEREST PAYMENT         
UU,SREIBNPNCD,Uns Red NCD 9.50% Sr. VII,17/06/2019, , ,14/06/2019, , ,INTEREST PAYMENT         
UW,SREINFRA,Sec Red NCD 9.35% Sr. II,24/06/2019, , ,21/06/2019, , ,INTEREST PAYMENT         
UY,DHFL,Sec Red NCD 8.56% Sr. V,19/06/2019, , ,18/06/2019, , ,INTEREST PAYMENT         
UZ,DHFL,Sec Red NCD 8.56% Sr. VI,19/06/2019, , ,18/06/2019, , ,INTEREST PAYMENT         
UZ,SREINFRA,Sec Red NCD 9.60% Sr. V,24/06/2019, , ,21/06/2019, , ,INTEREST PAYMENT         
Y1,DHFL,Sec Red NCD 8.65% Sr. VI,19/06/2019, , ,18/06/2019, , ,INTEREST PAYMENT         
Y8,SRTRANSFIN,BOND 10% PA SRN S-II,21/06/2019, , ,20/06/2019, , ,INT PAYMENT/REDEMPTION   
Y9,SRTRANSFIN,BOND 10.15% PA SRN S-III,21/06/2019, , ,20/06/2019, , ,INTEREST PAYMENT         
YA,SRTRANSFIN,BOND 9.57% PA SRN S-IV,13/06/2019, , ,12/06/2019, , ,INTEREST PAYMENT         
YA,SRTRANSFIN,BOND 9.57% PA SRN S-IV,21/06/2019, , ,20/06/2019, , ,INT PAYMENT/REDEMPTION   
YB,SRTRANSFIN,BOND 9.71% PA SRN S-V,13/07/2019, , ,11/07/2019, , ,INTEREST PAYMENT         
YB,SRTRANSFIN,BOND 9.71% PA SRN S-V,13/06/2019, , ,12/06/2019, , ,INTEREST PAYMENT         
YD,SRTRANSFIN,BOND PA SRN S-VII,21/06/2019, , ,20/06/2019, , ,INT PAYMENT/REDEMPTION   
YH,SRTRANSFIN,Sec Red NCD 8.93% Sr. I,26/07/2019, , ,25/07/2019, , ,INTEREST PAYMENT         
YH,SRTRANSFIN,Sec Red NCD 8.93% Sr. I,26/06/2019, , ,25/06/2019, , ,INTEREST PAYMENT         
YI,SRTRANSFIN,Sec Red NCD 9.03% Sr. II,26/07/2019, , ,25/07/2019, , ,INTEREST PAYMENT         
YI,SRTRANSFIN,Sec Red NCD 9.03% Sr. II,26/06/2019, , ,25/06/2019, , ,INTEREST PAYMENT         
YJ,SRTRANSFIN,Sec Red NCD 9.10% Sr. III,26/06/2019, , ,25/06/2019, , ,INTEREST PAYMENT         
YK,SRTRANSFIN,Sec Red NCD 9.30% Sr. IV,26/06/2019, , ,25/06/2019, , ,INTEREST PAYMENT         
YL,SRTRANSFIN,Sec Red NCD 9.40% Sr. V,26/06/2019, , ,25/06/2019, , ,INTEREST PAYMENT         
YO,SRTRANSFIN,Sec Red NCD 9.12% Sr. I,13/06/2019, , ,12/06/2019, , ,INTEREST PAYMENT         
YO,SRTRANSFIN,Sec Red NCD 9.12% Sr. I,13/07/2019, , ,11/07/2019, , ,INTEREST PAYMENT         
YP,SRTRANSFIN,Sec Red NCD 9.30% Sr. II,13/06/2019, , ,12/06/2019, , ,INTEREST PAYMENT         
YP,SRTRANSFIN,Sec Red NCD 9.30% Sr. II,13/07/2019, , ,11/07/2019, , ,INTEREST PAYMENT         
YV,SRTRANSFIN,Shriram Transport Finance,17/07/2019, , ,16/07/2019, , ,INTEREST PAYMENT         
YV,SRTRANSFIN,Shriram Transport Finance,16/06/2019, , ,13/06/2019, , ,INTEREST PAYMENT         
YW,SRTRANSFIN,Shriram Transport Finance,16/06/2019, , ,13/06/2019, , ,INTEREST PAYMENT         
YW,SRTRANSFIN,Shriram Transport Finance,17/07/2019, , ,16/07/2019, , ,INTEREST PAYMENT         

