SYMBOL,SERIES,SECURITY,HIGH/LOW,INDEX FLAG
ADHUNIK,BE,ADHUNIK METALIKS LTD.,H
ALCHEM,BE,ALCHEMIST LTD,H
ALPSINDUS,BE,ALPS INDUSTRIES LTD.,H
ANDHRACEMT,BE,ANDHRA CEMENTS LIMITED,H
ANTGRAPHIC,BE,ANTARCTICA LTD,H
BALAXI,BE,BALAXI VENTURES LIMITED,H
BALLARPUR,EQ,BALLARPUR INDUSTRIES LTD,H
BKMINDST,BE,BKM INDUSTRIES LIMITED,H
CADSYS,SM,CADSYS (INDIA) LIMITED,H
CASTEXTECH,BE,CASTEX TECHNOLOGIES LTD.,H
CHROMATIC,EQ,CHROMATIC INDIA LTD,H
DBSTOCKBRO,EQ,DB (INT) STOCK BROKERS,H
DIAPOWER,BZ,DIAMOND POWER INFRA LTD,H
DIGJAMLTD,BE,DIGJAM LIMITED,H
EASTSILK,BE,EASTERN SILK INDUSTRIES L,H
EASUNREYRL,EQ,EASUN REYROLLE LTD,H
EDUCOMP,BZ,EDUCOMP SOLUTIONS LTD,H
ESSDEE,BZ,ESS DEE ALUM LTD,H
EUROTEXIND,EQ,EUROTEX INDUSTRIES LTD,H
EXCEL,BE,EXCEL REALTY N INFRA LTD,H
FCSSOFT,EQ,FCS SOFTWARE SOLN. LTD.,H
GAMMNINFRA,EQ,GAMMON INFRA PROJ LTD.,H
GIRIRAJ,SM,GIRIRAJ CIVIL DEVP LTD,H
GTLINFRA,BE,GTL INFRA.LTD,H
HAVISHA,BE,SRI HAVISHA HOSP & INFR L,H
HBSL,EQ,HB STOCKHOLDINGS LIMITED,H
HINDMOTORS,BE,HINDUSTAN MOTORS LIMITED,H
HMT,BZ,HMT LTD -,H
ICSA,BE,ICSA (INDIA) LIMITED,H
IGPL,EQ,I G PETROCHEMICALS LTD,H
IL&FSTRANS,BZ,IL&FS TRANS NET LTD,H
INDOSOLAR,BE,INDOSOLAR LIMITED,H
ISFT,BE,INTRASOFT TECH. LTD,H
IVC,EQ,IL&FS INVESTMENT MANAGERS,H
IVRCLINFRA,EQ,IVRCL LIMITED,H
JIKIND,BE,JIK INDUSTRIES LTD,H
JITFINFRA,BE,JITF INFRALOGISTICS LTD,H
JPINFRATEC,EQ,JAYPEE INFRATECH LTD,H
KANANIIND,EQ,KANANI INDUSTRIES LTD,H
KESARENT,EQ,KESAR ENTERPRISES LTD.,H
KHAITANELE,BE,KHAITAN ELECTRICALS LTD,H
KSERASERA,EQ,KSS LIMITED,H
LEEL,BE,LEEL ELECTRICALS LIMITED,H
LGBFORGE,BE,LGB FORGE LIMITED,H
LIBAS,SM,LIBAS DESIGNS LIMITED,H
MAGADSUGAR,EQ,MAGADH SUGAR & ENERGY LTD,H
MANAKCOAT,EQ,MAN COAT METAL & IND LTD,H
MASKINVEST,BE,MASK INVESTMENTS LIMITED,H
MBECL,BE,MCNALLY BH. ENG. CO.LTD,H
METKORE,BE,METKORE ALLOYS & IND LTD,H
MITTAL,SM,MITTAL LIFE STYLE LIMITED,H
NEXTMEDIA,EQ,NEXT MEDIAWORKS LIMITED,H
NILASPACES,EQ,NILA SPACES LIMITED,H
NITINFIRE,EQ,NITIN FIRE PROT IND. LTD.,H
NKIND,EQ,NK INDUSTRIES LTD,H
OISL,BE,OCL IRON AND STEEL LTD,H
ORCHIDPHAR,BZ,ORCHID PHARMA LIMITED,H
PALREDTEC,EQ,PALRED TECHNOLOGIES LTD,H
PARABDRUGS,BE,PARABOLIC DRUGS LTD,H
PRABHAT,EQ,PRABHAT DAIRY LIMITED,H
PREMIER,BE,PREMIER LIMITED,H
PROVOGE,BE,PROVOGUE (INDIA) LIMITED,H
PSL,EQ,PSL LIMITED,H
RAINBOWPAP,BE,RAINBOW PAPERS LTD,H
RAJRAYON,BZ,RAJ RAYON INDUSTRIES LTD,H
REFEX,BE,REFEX INDUSTRIES LIMITED,H
ROLLT,BE,ROLLATAINERS LIMITED,H
SETF10GILT,EQ,SBIAMC - SETF10GILT,H
SGL,EQ,STL GLOBAL LIMITED,H
SHIRPUR-G,EQ,SHIRPUR GOLD REFINERY LTD,H
SHRIRAMEPC,EQ,SHRIRAM EPC LTD.,H
SIL,BE,STANDARD INDUSTRIES LTD.,H
SITASHREE,BE,SITA SHREE FOOD PROD LTD,H
SITINET,BE,SITI NETWORKS LIMITED,H
SMPL,BE,SPLENDID METAL PRODUCTS L,H
SOMATEX,BE,SOMA TEXTILEI NDUSTRIES L,H
SPCENET,EQ,SPACENET ENTERS IND LTD,H
SPICEMOBI,EQ,SPICE MOBILITY LIMITED,H
SPYL,BE,SHEKHAWATI POLY-YARN LTD.,H
SUJANAUNI,BE,SUJANA UNI. INDS. LTD.,H
SYNCOM,BE,SYNCOM HEALTHCARE LTD,H
TECHNOFAB,EQ,TECHNOFAB ENG LTD,H
TFL,BE,TRANSWARRANTY FIN. LTD.,H
TIMESGTY,BE,TIMES GUARANTY LIMITED,H
TTML,EQ,TATA TELESERV(MAHARASTRA),H
TVVISION,BE,TV VISION LIMITED,H
UJAAS,EQ,UJAAS ENERGY LIMITED,H
UNIPLY,EQ,UNIPLY INDUSTRIES LIMITED,H
UNITY,BZ,UNITY INFRAPROJECTS LTD,H
UVSL,BE,UTTAM VALUE STEELS LTD,H
VARDMNPOLY,BE,VARDHMAN POLYTEX LTD.,H
VIJIFIN,EQ,VIJI FINANCE LIMITED,H
VISESHINFO,BE,VISESH INFOTECNICS LTD,H
VIVIDHA,EQ,VISAGAR POLYTEX LTD,H
XLENERGY,BE,XL ENERGY LIMITED,H
ZENITHBIR,BE,ZENITH BIRLA (INDIA) LTD,H
ZICOM,BE,ZICOM ELECT SEC SYS LTD,H
21STCENMGM,EQ,21ST CENTURY MGMT SERVICE,L
5PAISA,EQ,5PAISA CAPITAL LIMITED,L
63MOONS,EQ,63 MOONS TECHNOLOGIES LTD,L
ADHUNIK,BE,ADHUNIK METALIKS LTD.,L
ADROITINFO,BE,ADROIT INFOTECH LIMITED,L
ADSL,EQ,ALLIED DIGITAL SERV. LTD,L
AIFL,BZ,ASHAPURA INTI FASHION LTD,L
ALCHEM,BE,ALCHEMIST LTD,L
ALPSINDUS,BE,ALPS INDUSTRIES LTD.,L
ANKITMETAL,BE,ANKIT MET & POW LTD,L
ANSALHSG,EQ,ANSAL HOUSING LIMITED,L
ANTGRAPHIC,BE,ANTARCTICA LTD,L
ARENTERP,EQ,RAJDARSHAN INDUSTRIES LTD,L
ARROWGREEN,EQ,ARROW GREENTECH LIMITED,L
ASHAPURMIN,BE,ASHAPURA MINECHEM LTD,L
ASLIND,SM,ASL INDUSTRIES LIMITED,L
ASSAMCO,BE,ASSAM COMPANY INDIA LTD,L
ATLASCYCLE,BE,ATLAS CYCLE (HARYANA) LTD,L
AURDIS,SM,AURANGABAD DISTILLERY LTD,L
AUTOLITIND,BZ,AUTOLITE (INDIA) LIMITED,L
BAFNAPHARM,BE,BAFNA PHARMACEUTICALS L,L
BALLARPUR,EQ,BALLARPUR INDUSTRIES LTD,L
BANSAL,SM,BANSAL MULTIFLEX LIMITED,L
BCG,BE,BRIGHTCOM GROUP LIMITED,L
BGLOBAL,BE,BHARATIYA GLOBAL INFO LTD,L
BIGBLOC,EQ,BIGBLOC CONSTRUCTION LTD,L
BILENERGY,BE,BIL ENERGY SYSTEMS LTD,L
BINANIIND,BZ,BINANI INDUSTRIES LTD,L
BKMINDST,BE,BKM INDUSTRIES LIMITED,L
BLBLIMITED,EQ,BLB LIMITED,L
BLUECOAST,EQ,BLUE COAST HOTELS LIMITED,L
BOHRA,SM,BOHRA INDUSTRIES LIMITED,L
BRFL,BE,BOMBAY RAYON FASHIONS LTD,L
BURNPUR,BE,BURNPUR CEMENT LTD.,L
BVCL,BE,BARAK VALLEY CEM. LTD.,L
CANDC,BZ,C&C CONST. LTD,L
CASTEXTECH,BE,CASTEX TECHNOLOGIES LTD.,L
CCHHL,BE,COUNTRY CLUB HOSP HOL LTD,L
CHROMATIC,EQ,CHROMATIC INDIA LTD,L
CKFSL,EQ,COX & KINGS FIN SERV LTD,L
CMMIPL,SM,CMM INFRAPROJECTS LIMITED,L
COUNCODOS,EQ,COUNTRY CONDO'S LIMITED,L
DBL,EQ,DILIP BUILDCON LIMITED,L
DBREALTY,EQ,D B REALTY LIMITED,L
DBSTOCKBRO,EQ,DB (INT) STOCK BROKERS,L
DCM,BE,DCM LIMITED,L
DELTAMAGNT,EQ,DELTA MAGNETS LIMITED,L
DHFL,NN,SEC RED NCD 9.15% SR. 2B,L
DHFL,NX,SEC RED NCD 9.10% SR. IV,L
DHFL,NY,SEC RED NCD 8.56% SR. V,L
DHFL,NP,SEC RED NCD 9.25% SR. 3B,L
DHFL,N6,SEC RED NCD 8.93% SR. 3B,L
DHFL,NC,SEC RED NCD 9.30% SR. 6B,L
DHFL,Y1,SEC RED NCD 8.65% SR. VI,L
DIAPOWER,BZ,DIAMOND POWER INFRA LTD,L
DIGJAMLTD,BE,DIGJAM LIMITED,L
DNAMEDIA,EQ,DILIGENT MEDIA CORP LTD.,L
DQE,EQ,DQ ENTERTAINMENT INT LTD,L
EDUCOMP,BZ,EDUCOMP SOLUTIONS LTD,L
ELAND,BE,E-LAND APPAREL LIMITED,L
ELECTHERM,EQ,ELECTROTHERM (I) LTD.,L
EMCO,BE,EMCO LIMITED,L
EROSMEDIA,EQ,EROS INTL MEDIA LTD,L
ESSARSHPNG,BE,ESSAR SHIPPING LTD,L
EUROMULTI,BE,EURO MULTIVISION LTD,L
EXCEL,BE,EXCEL REALTY N INFRA LTD,L
FCSSOFT,EQ,FCS SOFTWARE SOLN. LTD.,L
GANGOTRI,BZ,GANGOTRI TEXTILES LTD.,L
GAYAHWS,EQ,GAYATRI HIGHWAYS LIMITED,L
GLOBALVECT,BE,GLOBAL VEC HELICORP LTD,L
GOENKA,BZ,GOENKA DIAMOND&JEWELS LTD,L
GREENPOWER,BE,ORIENT GREEN POWER CO LTD,L
GTLINFRA,BE,GTL INFRA.LTD,L
HAVISHA,BE,SRI HAVISHA HOSP & INFR L,L
HOTELRUGBY,BE,HOTEL RUGBY LTD,L
IBULISL,EQ,INDIABULLS INTEGR SER LTD,L
IIFL,BE,IIFL FINANCE LIMITED,L
IL&FSTRANS,BZ,IL&FS TRANS NET LTD,L
IMPEXFERRO,BE,IMPEX FERRO TECH LIMITED,L
INDOSOLAR,BE,INDOSOLAR LIMITED,L
INDSWFTLTD,BE,IND-SWIFT LIMITED,L
INNOVANA,SM,INNOVANA THINKLABS LTD.,L
JAIHINDPRO,BE,JAIHIND PROJECTS LTD,L
JINDCOT,BE,JINDAL COTEX LTD,L
JITFINFRA,BE,JITF INFRALOGISTICS LTD,L
JMTAUTOLTD,EQ,JMT AUTO LIMITED,L
JPINFRATEC,EQ,JAYPEE INFRATECH LTD,L
JPOLYINVST,BE,JIND POL INV & FIN CO LTD,L
JPPOWER,EQ,JAIPRAKASH POWER VEN. LTD,L
JVLAGRO,BZ,JVL AGRO INDUSTRIES LTD,L
KANANIIND,EQ,KANANI INDUSTRIES LTD,L
KAVVERITEL,EQ,KAVVERI TEL. LTD.,L
KGL,BE,KARUTURI GLOBAL LIMITED,L
KHAITANELE,BE,KHAITAN ELECTRICALS LTD,L
KSK,EQ,KSK ENERGY VENTURES LTD,L
LAKPRE,BZ,LAKSHMI PRE SCRE LTD,L
LAKSHVILAS,EQ,LAKSHMI VILAS BANK LTD,L
LASA,EQ,LASA SUPERGENERICS LTD,L
LATTEYS,SM,LATTEYS INDUSTRIES LTD,L
LEEL,BE,LEEL ELECTRICALS LIMITED,L
LFIC,EQ,LAKSHMI FIN IND CORP LTD,L
LINCPEN,BE,LINC PEN & PLASTICS LTD,L
LPDC,EQ,LANDMARK PR.DEV.CO.LTD,L
LSIL,EQ,LLOYDS STEELS IND. LTD.,L
LYKALABS,BE,LYKA LABS LTD.,L
LYPSAGEMS,EQ,LYPSA GEMS & JEWEL LTD,L
MADHUCON,EQ,MADHUCON PROJECTS LTD.,L
MANPASAND,EQ,MANPASAND BEVERAGES LTD.,L
MBECL,BE,MCNALLY BH. ENG. CO.LTD,L
MERCATOR,EQ,MERCATOR LIMITED,L
METKORE,BE,METKORE ALLOYS & IND LTD,L
MIC,BE,MIC ELECTRONICS LIMITED,L
MODIRUBBER,BE,MODI RUBBER LTD,L
MOHOTAIND,EQ,MOHOTA INDUSTRIES LIMITED,L
MVL,EQ,MVL LIMITED,L
NAGAROIL,EQ,NAGARJUNA OIL REFINERY,L
NEXTMEDIA,EQ,NEXT MEDIAWORKS LIMITED,L
NILASPACES,EQ,NILA SPACES LIMITED,L
NITINFIRE,EQ,NITIN FIRE PROT IND. LTD.,L
NTL,BE,NEUEON TOWERS LIMITED,L
OMKARCHEM,EQ,OMKAR SPL CHEM LTD,L
ONELIFECAP,EQ,ONELIFE CAP ADVISORS LTD,L
PROSEED,EQ,PROSEED INDIA LIMITED,L
PROVOGE,BE,PROVOGUE (INDIA) LIMITED,L
PSL,EQ,PSL LIMITED,L
PUNJLLOYD,BE,PUNJ LLOYD LIMITED,L
PUSHPREALM,SM,PUSHPA REAL AND INFRA LTD,L
RAINBOWPAP,BE,RAINBOW PAPERS LTD,L
RAJRAYON,BZ,RAJ RAYON INDUSTRIES LTD,L
RAJTV,BZ,RAJ TV NETWORK LTD,L
RCOM,EQ,RELIANCE COMMUNICATIONS L,L
REGENCERAM,BE,REGENCYCERAMICS-LTD,L
RMCL,EQ,RADHA MADHAV CO. LTD.,L
RMDRIP,SM,R M DRIP & SPRINK SYS LTD,L
ROLLT,BE,ROLLATAINERS LIMITED,L
ROLTA,BE,ROLTA INDIA - DEP SETT,L
RUCHINFRA,BE,RUCHI INFRASTRUCTURE LTD,L
SABTN,BE,SRI ADHIKARI BROS.,L
SAKHTISUG,BE,SAKHTISUG SUGARS LTD,L
SCAPDVR,BE,STAMPEDE CAPITAL LIMITED,L
SEPOWER,EQ,S.E. POWER LIMITED,L
SHRIPISTON,BE,SHRIRAM PIST. & RING LTD,L
SITASHREE,BE,SITA SHREE FOOD PROD LTD,L
SITINET,BE,SITI NETWORKS LIMITED,L
SKIL,BE,SKIL INFRASTRUCTURE LTD.,L
SKSTEXTILE,SM,S K S TEXTILES LIMITED,L
SMPL,BE,SPLENDID METAL PRODUCTS L,L
SOMATEX,BE,SOMA TEXTILEI NDUSTRIES L,L
SORILINFRA,EQ,SORIL INFRA RESOURCES LTD,L
SPENTEX,BE,SPENTEX IND. LTD,L
SRSLTD,BZ,SRS LIMITED,L
STAMPEDE,BE,STAMPEDE CAPITAL LTD,L
SUJANAUNI,BE,SUJANA UNI. INDS. LTD.,L
SUNILHITEC,BE,SUNIL HITECH ENGR. LTD,L
TARAJEWELS,BE,TARA JEWELS LIMITED,L
THIRUSUGAR,BZ,THIRU AROORAN SUGARS LTD,L
TOUCHWOOD,SM,TOUCHWOOD ENTERTAIN LTD.,L
TREEHOUSE,BE,TREE HOUSE EDU LTD,L
TVVISION,BE,TV VISION LIMITED,L
UNITECH,EQ,UNITECH LTD,L
UNITY,BZ,UNITY INFRAPROJECTS LTD,L
UTIFEFRGR4,MF,UTIAMC - UTIFEFRGR4,L
UVSL,BE,UTTAM VALUE STEELS LTD,L
VAISHALI,SM,VAISHALI PHARMA LIMITED,L
VASA,SM,VASA RETAIL & OVERSEA LTD,L
VICEROY,BE,VICEROY HOTELS LIMITED,L
VIJIFIN,EQ,VIJI FINANCE LIMITED,L
VISESHINFO,BE,VISESH INFOTECNICS LTD,L
WANBURY,BE,WANBURY LIMITED,L
WEBELSOLAR,EQ,WEBSOL ENERGY SYSTEM LTD,L
WILLAMAGOR,EQ,WILLIAMSON MAGOR,L
WSI,BE,W.S.INDUSTRIES (I) LTD.,L
XLENERGY,BE,XL ENERGY LIMITED,L
ZENITHBIR,BE,ZENITH BIRLA (INDIA) LTD,L
ZENITHEXPO,BE,ZENITH EXPORTS LTD,L
ZICOM,BE,ZICOM ELECT SEC SYS LTD,L
