GAIN_LOSS,SECURITY,CLOSE_PRIC,PREV_CL_PR,PERCENT_CG
 ,Nifty 50 Sec., , , 
 , , , , 
G,COAL INDIA LTD,       269.15,       263.40,2.18
G,TITAN COMPANY LIMITED,      1269.45,      1248.00,1.72
G,HERO MOTOCORP LIMITED,      2788.75,      2752.70,1.31
G,POWER GRID CORP. LTD.,       195.45,       192.95,1.3
G,HINDUSTAN UNILEVER LTD.,      1837.75,      1815.60,1.22
G,NTPC LTD,       136.55,       135.05,1.11
G,ASIAN PAINTS LIMITED,      1428.55,      1421.50,.5
G,BHARTI AIRTEL LIMITED,       353.80,       352.40,.4
G,BAJAJ AUTO LIMITED,      2991.65,      2983.90,.26
G,EICHER MOTORS LTD,     20083.80,     20043.45,.2
G,ADANI PORT & SEZ LTD,       426.30,       425.55,.18
G,UPL LIMITED,      1012.20,      1010.95,.12
G,INFOSYS LIMITED,       735.60,       735.30,.04
 , , , , 
L,GAIL (INDIA) LTD,       316.30,       358.25,-11.71
L,INDIABULLS HSG FIN LTD,       735.80,       796.45,-7.62
L,INDUSIND BANK LIMITED,      1522.65,      1638.00,-7.04
L,YES BANK LIMITED,       143.40,       152.80,-6.15
L,STATE BANK OF INDIA,       336.90,       352.40,-4.4
L,LARSEN & TOUBRO LTD.,      1515.90,      1569.80,-3.43
L,BHARAT PETROLEUM CORP  LT,       397.05,       408.35,-2.77
L,JSW STEEL LIMITED,       266.70,       274.20,-2.74
L,TATA STEEL LIMITED,       484.60,       497.65,-2.62
L,ULTRATECH CEMENT LIMITED,      4571.20,      4692.00,-2.57
L,MAHINDRA & MAHINDRA LTD,       634.10,       650.75,-2.56
L,BAJAJ FINSERV LTD.,      8125.20,      8312.85,-2.26
L,BAJAJ FINANCE LIMITED,      3452.95,      3531.15,-2.21
L,BRITANNIA INDUSTRIES LTD,      2901.35,      2963.10,-2.08
L,TATA MOTORS LIMITED,       169.70,       173.25,-2.05
L,GRASIM INDUSTRIES LTD,       869.55,       886.50,-1.91
L,AXIS BANK LIMITED,       807.70,       822.80,-1.84
L,HDFC LTD,      2183.45,      2223.95,-1.82
L,ICICI BANK LTD.,       411.55,       419.10,-1.8
L,RELIANCE INDUSTRIES LTD,      1327.35,      1351.65,-1.8
L,SUN PHARMACEUTICAL IND L,       404.15,       411.15,-1.7
L,VEDANTA LIMITED,       163.10,       165.90,-1.69
L,HINDALCO  INDUSTRIES  LTD,       194.85,       197.80,-1.49
L,ZEE ENTERTAINMENT ENT LTD,       341.05,       346.05,-1.44
L,TECH MAHINDRA LIMITED,       738.00,       748.30,-1.38
L,ITC LTD,       275.75,       279.25,-1.25
L,HDFC BANK LTD,      2423.35,      2452.30,-1.18
L,KOTAK MAHINDRA BANK LTD,      1514.25,      1531.35,-1.12
L,INDIAN OIL CORP LTD,       163.55,       165.35,-1.09
L,MARUTI SUZUKI INDIA LTD.,      6988.70,      7051.80,-0.89
 , , , , 
 ,Nifty Next 50 Sec., , , 
 , , , , 
G,THE NEW INDIA ASSU CO LTD,       162.50,       160.85,1.03
G,COLGATE PALMOLIVE LTD.,      1159.75,      1149.40,0.9
G,BAJAJ HOLDINGS & INVS LTD,      3531.85,      3503.35,0.81
G,BIOCON LIMITED.,       544.50,       540.65,0.71
G,HAVELLS INDIA LIMITED,       781.25,       779.90,0.17
G,NMDC LTD.,       103.70,       103.60,0.1
 , , , , 
L,SHRIRAM TRANSPORT FIN CO.,      1065.50,      1165.40,-8.57
L,L&T FINANCE HOLDINGS LTD,       126.60,       136.40,-7.18
L,PIRAMAL ENTERPRISES LTD,      2065.10,      2209.20,-6.52
L,BANK OF BARODA,       124.35,       132.60,-6.22
L,ICICI LOMBARD GIC LIMITED,      1172.80,      1243.85,-5.71
L,CADILA HEALTHCARE LIMITED,       245.70,       257.30,-4.51
L,AUROBINDO PHARMA LTD,       624.55,       653.75,-4.47
L,PETRONET LNG LIMITED,       236.75,       246.75,-4.05
L,ICICI PRU LIFE INS CO LTD,       379.00,       394.80,-4
L,ACC LIMITED,      1592.15,      1657.65,-3.95
L,STEEL AUTHORITY OF INDIA,        48.70,        50.50,-3.56
L,BHEL,        68.55,        70.90,-3.31
L,GENERAL INS CORP OF INDIA,       216.60,       223.80,-3.22
L,HINDUSTAN PETROLEUM CORP,       308.10,       317.85,-3.07
L,VODAFONE IDEA LIMITED,        13.45,        13.85,-2.89
L,MRF LTD,     55805.80,     57382.45,-2.75
L,SHREE CEMENT LIMITED,     20618.40,     21200.50,-2.75
L,UNITED SPIRITS LIMITED,       556.95,       571.80,-2.6
L,DLF LIMITED,       190.40,       195.45,-2.58
L,CONTAINER CORP OF IND LTD,       524.35,       537.65,-2.47
L,AMBUJA CEMENTS LTD,       221.75,       226.95,-2.29
L,ABB INDIA LIMITED,      1529.80,      1561.65,-2.04
L,SIEMENS LTD,      1241.65,      1267.25,-2.02
L,ASHOK LEYLAND LTD,        91.30,        93.05,-1.88
L,UNITED BREWERIES LTD,      1315.75,      1339.65,-1.78
L,BANDHAN BANK LIMITED,       582.10,       592.10,-1.69
L,HINDUSTAN ZINC LIMITED,       243.40,       246.65,-1.32
L,P&G HYGIENE & HEALTH CARE,     10735.60,     10869.20,-1.23
L,AVENUE SUPERMARTS LIMITED,      1317.65,      1333.05,-1.16
L,ORACLE FIN SERV SOFT LTD.,      3338.90,      3377.20,-1.13
 , , , , 
 ,OTHER SECURITIES, , , 
 , , , , 
G,KESAR ENTERPRISES LTD.,        45.35,        37.80,19.97
G,NK INDUSTRIES LTD,        50.00,        41.70,19.9
G,SUUMAYA LIFESTYLE LIMITED,        31.40,        26.50,18.49
G,AVON MOLDPLAST LIMITED,        31.90,        27.15,17.5
G,VISAGAR POLYTEX LTD,          .45,          .40,12.5
G,GAMMON INFRA PROJ LTD.,          .50,          .45,11.11
G,ORIENT PRESS LIMITED,       166.45,       151.50,9.87
G,STL GLOBAL LIMITED,        13.05,        11.90,9.66
G,UJAAS ENERGY LIMITED,         6.90,         6.30,9.52
G,TCNS CLOTHING CO. LIMITED,       845.40,       779.95,8.39
G,VIJI FINANCE LIMITED,          .65,          .60,8.33
G,POWERFUL TECHNOLOGIES LTD,        11.50,        10.65,7.98
G,DPSC LIMITED,        12.95,        12.00,7.92
G,RELIABLE DATA SERVICE LTD,        52.80,        49.00,7.76
G,RUDRABHISHEK ENTERP LTD,        35.50,        33.15,7.09
G,MAHANAGAR TELEPHONE NIGAM,        10.60,         9.90,7.07
G,SUMIT WOODS LIMITED,        36.30,        34.00,6.76
G,2.50%GOLDBONDS 2025 SR-X,      3124.99,      2927.00,6.76
G,VAKRANGEE LIMITED,        44.20,        41.40,6.76
G,UTIAMC - UTISXN50,       336.00,       315.00,6.67
G,INDIABULLS REAL EST. LTD,       131.40,       123.55,6.35
G,SONI SOYA PRODUCTS LTD.,        19.50,        18.40,5.98
G,SAKSOFT LIMITED,       306.30,       289.50,5.8
G,ALMONDZ GLOBAL SEC LTD,        22.50,        21.30,5.63
G,KSHITIJ POLYLINE LIMITED,        28.15,        26.70,5.43
G,IVRCL LIMITED,         1.00,          .95,5.26
G,GLOBAL EDUCATION LIMITED,       134.95,       128.50,5.02
G,SAB EVENTS & GOVERNANCE,         1.05,         1.00,5
G,GIRIRAJ CIVIL DEVP LTD,        25.20,        24.00,5
G,UNIPLY INDUSTRIES LIMITED,        51.55,        49.10,4.99
 , , , , 
L,SEC RED NCD 9.15% SR. 2B,       559.20,       699.00,-20
L,SEC RED NCD 9.30% SR. 6B,       470.40,       588.00,-20
L,SEC RED NCD 8.93% SR. 3B,       538.86,       673.57,-20
L,SEC RED NCD 9.25% SR. 3B,       506.54,       633.17,-20
L,EROS INTL MEDIA LTD,        53.15,        66.40,-19.95
L,SEC RED NCD 9.10% SR. IV,       432.14,       539.54,-19.91
L,LATTEYS INDUSTRIES LTD,        40.95,        51.00,-19.71
L,SEC RED NCD 8.65% SR. VI,       456.64,       567.79,-19.58
L,SEC RED NCD 9.25% SR. 5B,       560.95,       696.00,-19.4
L,SEC RED NCD 8.56% SR. V,       564.99,       700.00,-19.29
L,SEC RED NCD 9.00% SR. II,       441.38,       545.43,-19.08
L,SEC RED NCD 9.10% SR. 6A,       737.50,       910.00,-18.96
L,SEC RED NCD 8.88% SR. 2B,       578.63,       705.00,-17.92
L,SEC RED NCD 8.90% SR. I,       534.22,       650.50,-17.88
L,UFO MOVIEZ INDIA LTD.,       242.35,       291.65,-16.9
L,NAGARJUNA OIL REFINERY,          .25,          .30,-16.67
L,DEWAN HOUSING FIN CORP LT,        93.95,       111.75,-15.93
L,SEC RED NCD SR. 10B,       801.00,       951.00,-15.77
L,SEC RED NCD 9.10% SR. 1B,       774.49,       908.00,-14.7
L,HIMATSINGKA SEIDE LTD,       167.90,       193.85,-13.39
L,UNS RED NCD 9.15% SR.IX,       826.01,       949.00,-12.96
L,SEC RED NCD 9.15% SR III,       611.00,       700.00,-12.71
L,SEC RED NCD 9.20% SR. 4B,       816.61,       935.50,-12.71
L,0.01% CUM. RED. PREF,         5.55,         6.35,-12.6
L,RELIANCE INFRASTRUCTU LTD,        84.90,        96.95,-12.43
L,SBIAMC - SETF10GILT,       185.37,       211.00,-12.15
L,MBL INFRASTRUCTURES LTD,         9.80,        11.10,-11.71
L,SEC RED NCD SR. 7B,       993.00,      1120.00,-11.34
L,SINTEX PLASTICS TECH LTD,        11.70,        13.10,-10.69
L,ASL INDUSTRIES LIMITED,        12.40,        13.75,-9.82
