SECURITY,NEW,PREVIOUS,NEW_STATUS
SHREE VASU LOGISTICS LTD,130,127.7,H
BONDS SRNCD SR XI,1511,1492.06,H
REFEX INDUSTRIES LIMITED,67.85,64.65,H
EDELWEISS ETF-NIFTY BANK,3853,3851.91,H
EDEL ETF NIFTY 100 QUAL30,346,338.72,H
SIRCA PAINT INDIA LIMITED,302,296,H
RELIANCE ETF LONGTERMGILT,19.27,19.2,H
DCB BANK LIMITED,242,239.45,H
ARIHANT SUPERSTRUCT LTD,63.95,63.3,H
MAHARASHTRA SCOOTERS LTD,4399,4384.95,H
SBIAMC - SETF10GILT,212.18,211.35,H
2.50%GOLDBONDS 2025 SR-X,3125,3100,H
AHIMSA INDUSTRIES LTD.,29.2,28.5,H
HDFCAMC - HEOF1100RG,9.7,9.55,H
MIRAEAMC - MAN50ETF,131,128.1,H
SEC RED NCD 9.50% SR. IV,1030.1,1029.99,H
JINDAL COTEX LTD,3.05,3.2,L
GLOBAL EDUCATION LIMITED,103.05,107,L
HOTEL RUGBY LTD,1.3,1.35,L
JULLUNDUR MOT AGENCY LTD,30.2,31,L
KRIDHAN INFRA LIMITED,21.3,23.15,L
BANSAL MULTIFLEX LIMITED,5.05,5.3,L
SINTEX PLASTICS TECH LTD,11.2,12.85,L
VAISHALI PHARMA LIMITED,32.3,34,L
PRAXIS HOME RETAIL LTD,111.05,116,L
ASHAPURA INTI FASHION LTD,5.2,5.45,L
ONELIFE CAP ADVISORS LTD,9.6,9.75,L
MERCATOR LIMITED,2.25,2.3,L
DEWAN HOUSING FIN CORP LT,91.3,96.8,L
SEC RED NCD 9.25% SR. 3B,506.54,552,L
SEC RED NCD 9.10% SR. 1B,770,830,L
SEC RED NCD 9.10% SR. 6A,737.5,785,L
MARVEL DECOR LIMITED,26.3,26.45,L
SEC RED NCD 8.90% SR. I,521.1,525.1,L
KHAITAN ELECTRICALS LTD,2.6,2.7,L
ZICOM ELECT SEC SYS LTD,2.3,2.4,L
SEC RED NCD SR. 10B,776,785.1,L
SEC RED NCD 9.10% SR. IV,431.64,500,L
DIGJAM LIMITED,2.8,2.9,L
JITF INFRALOGISTICS LTD,11.05,11.4,L
S CHAND AND COMPANY LTD,104.05,108.2,L
PUSHPA REAL AND INFRA LTD,9.4,9.85,L
SPENCER'S RETAIL LIMITED,108,110.7,L
RELIANCE INFRASTRUCTU LTD,83.35,96.5,L
MBL INFRASTRUCTURES LTD,9.2,10.8,L
MANPASAND BEVERAGES LTD.,44.2,46.5,L
SEC RED NCD 9.25% SR. 5B,558,600.1,L
AARVI ENCON LIMITED,34.35,35,L
HT MEDIA LIMITED,30.05,31.1,L
SEC RED NCD 9.30% SR. 6B,470.4,530,L
SEC RED NCD SR. 7B,990.55,995.05,L
POWERFUL TECHNOLOGIES LTD,9,10.05,L
ASSAM COMPANY INDIA LTD,1.5,1.55,L
BLUE COAST HOTELS LIMITED,6.95,7.1,L
LATTEYS INDUSTRIES LTD,40.8,47.3,L
SEC RED NCD 8.88% SR. 2B,570,650,L
JET KNITWEARS LTD.,28.6,30,L
THE MANDHANA RET VENT LTD,17.4,18.3,L
PARSVNATH DEVELOPER LTD,3.65,3.75,L
EROS INTL MEDIA LTD,53.15,56.55,L
LYPSA GEMS & JEWEL LTD,5.15,5.35,L
BAFNA PHARMACEUTICALS L,9.55,10.05,L
INTENSE TECHNOLOGIES LTD,33.5,33.65,L
BKM INDUSTRIES LIMITED,3.45,3.6,L
AUTOLITE (INDIA) LIMITED,28.25,29.7,L
SHALBY LIMITED,120.35,122.5,L
SEC RED NCD 8.65% SR. VI,454.24,500,L
LAKSHMI FIN IND CORP LTD,65.15,66.5,L
SINTEX INDUSTRIES LTD,5.5,5.8,L
NOIDA TOLL BRIDGE CO LTD,4.35,4.5,L
CENTRAL BANK OF INDIA,24.7,24.85,L
JAIHIND PROJECTS LTD,0.7,0.75,L
SEC RED NCD 8.56% SR. V,560,650.01,L
ANSAL HOUSING LIMITED,8.6,9.2,L
ADHUNIK METALIKS LTD.,1.75,1.8,L
SEC RED NCD 9.00% SR. II,439,488.73,L
COX & KINGS FIN SERV LTD,10.7,11.25,L
BINANI INDUSTRIES LTD,25.3,26.4,L
TECHNOFAB ENG LTD,36.85,38,L
0.01% CUM RED PREF SHARES,3.5,3.55,L
SEC RED NCD 9.15% SR. 2B,559.2,612.39,L
ASL INDUSTRIES LIMITED,12.4,13.75,L
HIND NATL GLASS & IND LTD,55.1,57,L
HEXA TRADEX LIMITED,14.6,14.75,L
THE P K TEA PROD CO LTD,138,141,L
ARROW GREENTECH LIMITED,56.05,58,L
SEC RED NCD 9.20% SR. 4B,750,786,L
SEC RED NCD 9.95% SR. III,854,972,L

